hour_of_year,carga_kw
0,608.3621052631579
1,608.3621052631579
2,608.3621052631579
3,608.3621052631579
4,608.3621052631579
5,608.3621052631579
6,608.3621052631579
7,608.3621052631579
8,608.3621052631579
9,608.3621052631579
10,608.3621052631579
11,608.3621052631579
12,608.3621052631579
13,608.3621052631579
14,608.3621052631579
15,608.3621052631579
16,608.3621052631579
17,608.3621052631579
18,608.3621052631579
19,60.836210526315796
20,60.836210526315796
21,608.3621052631579
22,608.3621052631579
23,608.3621052631579
24,608.3621052631579
25,608.3621052631579
26,608.3621052631579
27,608.3621052631579
28,608.3621052631579
29,608.3621052631579
30,608.3621052631579
31,608.3621052631579
32,608.3621052631579
33,608.3621052631579
34,608.3621052631579
35,608.3621052631579
36,608.3621052631579
37,608.3621052631579
38,608.3621052631579
39,608.3621052631579
40,608.3621052631579
41,608.3621052631579
42,608.3621052631579
43,60.836210526315796
44,60.836210526315796
45,608.3621052631579
46,608.3621052631579
47,608.3621052631579
48,608.3621052631579
49,608.3621052631579
50,608.3621052631579
51,608.3621052631579
52,608.3621052631579
53,608.3621052631579
54,608.3621052631579
55,608.3621052631579
56,608.3621052631579
57,608.3621052631579
58,608.3621052631579
59,608.3621052631579
60,608.3621052631579
61,608.3621052631579
62,608.3621052631579
63,608.3621052631579
64,608.3621052631579
65,608.3621052631579
66,608.3621052631579
67,60.836210526315796
68,60.836210526315796
69,608.3621052631579
70,608.3621052631579
71,608.3621052631579
72,608.3621052631579
73,608.3621052631579
74,608.3621052631579
75,608.3621052631579
76,608.3621052631579
77,608.3621052631579
78,608.3621052631579
79,608.3621052631579
80,608.3621052631579
81,608.3621052631579
82,608.3621052631579
83,608.3621052631579
84,608.3621052631579
85,608.3621052631579
86,608.3621052631579
87,608.3621052631579
88,608.3621052631579
89,608.3621052631579
90,608.3621052631579
91,60.836210526315796
92,60.836210526315796
93,608.3621052631579
94,608.3621052631579
95,608.3621052631579
96,608.3621052631579
97,608.3621052631579
98,608.3621052631579
99,608.3621052631579
100,608.3621052631579
101,608.3621052631579
102,608.3621052631579
103,608.3621052631579
104,608.3621052631579
105,608.3621052631579
106,608.3621052631579
107,608.3621052631579
108,608.3621052631579
109,608.3621052631579
110,608.3621052631579
111,608.3621052631579
112,608.3621052631579
113,608.3621052631579
114,608.3621052631579
115,60.836210526315796
116,60.836210526315796
117,608.3621052631579
118,608.3621052631579
119,608.3621052631579
120,608.3621052631579
121,608.3621052631579
122,608.3621052631579
123,608.3621052631579
124,608.3621052631579
125,608.3621052631579
126,608.3621052631579
127,608.3621052631579
128,608.3621052631579
129,608.3621052631579
130,608.3621052631579
131,608.3621052631579
132,608.3621052631579
133,608.3621052631579
134,608.3621052631579
135,608.3621052631579
136,608.3621052631579
137,608.3621052631579
138,608.3621052631579
139,60.836210526315796
140,60.836210526315796
141,608.3621052631579
142,608.3621052631579
143,608.3621052631579
144,608.3621052631579
145,608.3621052631579
146,608.3621052631579
147,608.3621052631579
148,608.3621052631579
149,608.3621052631579
150,608.3621052631579
151,608.3621052631579
152,608.3621052631579
153,608.3621052631579
154,608.3621052631579
155,608.3621052631579
156,608.3621052631579
157,608.3621052631579
158,608.3621052631579
159,608.3621052631579
160,608.3621052631579
161,608.3621052631579
162,608.3621052631579
163,60.836210526315796
164,60.836210526315796
165,608.3621052631579
166,608.3621052631579
167,608.3621052631579
168,608.3621052631579
169,608.3621052631579
170,608.3621052631579
171,608.3621052631579
172,608.3621052631579
173,608.3621052631579
174,608.3621052631579
175,608.3621052631579
176,608.3621052631579
177,608.3621052631579
178,608.3621052631579
179,608.3621052631579
180,608.3621052631579
181,608.3621052631579
182,608.3621052631579
183,608.3621052631579
184,608.3621052631579
185,608.3621052631579
186,608.3621052631579
187,60.836210526315796
188,60.836210526315796
189,608.3621052631579
190,608.3621052631579
191,608.3621052631579
192,608.3621052631579
193,608.3621052631579
194,608.3621052631579
195,608.3621052631579
196,608.3621052631579
197,608.3621052631579
198,608.3621052631579
199,608.3621052631579
200,608.3621052631579
201,608.3621052631579
202,608.3621052631579
203,608.3621052631579
204,608.3621052631579
205,608.3621052631579
206,608.3621052631579
207,608.3621052631579
208,608.3621052631579
209,608.3621052631579
210,608.3621052631579
211,60.836210526315796
212,60.836210526315796
213,608.3621052631579
214,608.3621052631579
215,608.3621052631579
216,608.3621052631579
217,608.3621052631579
218,608.3621052631579
219,608.3621052631579
220,608.3621052631579
221,608.3621052631579
222,608.3621052631579
223,608.3621052631579
224,608.3621052631579
225,608.3621052631579
226,608.3621052631579
227,608.3621052631579
228,608.3621052631579
229,608.3621052631579
230,608.3621052631579
231,608.3621052631579
232,608.3621052631579
233,608.3621052631579
234,608.3621052631579
235,60.836210526315796
236,60.836210526315796
237,608.3621052631579
238,608.3621052631579
239,608.3621052631579
240,608.3621052631579
241,608.3621052631579
242,608.3621052631579
243,608.3621052631579
244,608.3621052631579
245,608.3621052631579
246,608.3621052631579
247,608.3621052631579
248,608.3621052631579
249,608.3621052631579
250,608.3621052631579
251,608.3621052631579
252,608.3621052631579
253,608.3621052631579
254,608.3621052631579
255,608.3621052631579
256,608.3621052631579
257,608.3621052631579
258,608.3621052631579
259,60.836210526315796
260,60.836210526315796
261,608.3621052631579
262,608.3621052631579
263,608.3621052631579
264,608.3621052631579
265,608.3621052631579
266,608.3621052631579
267,608.3621052631579
268,608.3621052631579
269,608.3621052631579
270,608.3621052631579
271,608.3621052631579
272,608.3621052631579
273,608.3621052631579
274,608.3621052631579
275,608.3621052631579
276,608.3621052631579
277,608.3621052631579
278,608.3621052631579
279,608.3621052631579
280,608.3621052631579
281,608.3621052631579
282,608.3621052631579
283,60.836210526315796
284,60.836210526315796
285,608.3621052631579
286,608.3621052631579
287,608.3621052631579
288,608.3621052631579
289,608.3621052631579
290,608.3621052631579
291,608.3621052631579
292,608.3621052631579
293,608.3621052631579
294,608.3621052631579
295,608.3621052631579
296,608.3621052631579
297,608.3621052631579
298,608.3621052631579
299,608.3621052631579
300,608.3621052631579
301,608.3621052631579
302,608.3621052631579
303,608.3621052631579
304,608.3621052631579
305,608.3621052631579
306,608.3621052631579
307,60.836210526315796
308,60.836210526315796
309,608.3621052631579
310,608.3621052631579
311,608.3621052631579
312,608.3621052631579
313,608.3621052631579
314,608.3621052631579
315,608.3621052631579
316,608.3621052631579
317,608.3621052631579
318,608.3621052631579
319,608.3621052631579
320,608.3621052631579
321,608.3621052631579
322,608.3621052631579
323,608.3621052631579
324,608.3621052631579
325,608.3621052631579
326,608.3621052631579
327,608.3621052631579
328,608.3621052631579
329,608.3621052631579
330,608.3621052631579
331,60.836210526315796
332,60.836210526315796
333,608.3621052631579
334,608.3621052631579
335,608.3621052631579
336,608.3621052631579
337,608.3621052631579
338,608.3621052631579
339,608.3621052631579
340,608.3621052631579
341,608.3621052631579
342,608.3621052631579
343,608.3621052631579
344,608.3621052631579
345,608.3621052631579
346,608.3621052631579
347,608.3621052631579
348,608.3621052631579
349,608.3621052631579
350,608.3621052631579
351,608.3621052631579
352,608.3621052631579
353,608.3621052631579
354,608.3621052631579
355,60.836210526315796
356,60.836210526315796
357,608.3621052631579
358,608.3621052631579
359,608.3621052631579
360,608.3621052631579
361,608.3621052631579
362,608.3621052631579
363,608.3621052631579
364,608.3621052631579
365,608.3621052631579
366,608.3621052631579
367,608.3621052631579
368,608.3621052631579
369,608.3621052631579
370,608.3621052631579
371,608.3621052631579
372,608.3621052631579
373,608.3621052631579
374,608.3621052631579
375,608.3621052631579
376,608.3621052631579
377,608.3621052631579
378,608.3621052631579
379,60.836210526315796
380,60.836210526315796
381,608.3621052631579
382,608.3621052631579
383,608.3621052631579
384,608.3621052631579
385,608.3621052631579
386,608.3621052631579
387,608.3621052631579
388,608.3621052631579
389,608.3621052631579
390,608.3621052631579
391,608.3621052631579
392,608.3621052631579
393,608.3621052631579
394,608.3621052631579
395,608.3621052631579
396,608.3621052631579
397,608.3621052631579
398,608.3621052631579
399,608.3621052631579
400,608.3621052631579
401,608.3621052631579
402,608.3621052631579
403,60.836210526315796
404,60.836210526315796
405,608.3621052631579
406,608.3621052631579
407,608.3621052631579
408,608.3621052631579
409,608.3621052631579
410,608.3621052631579
411,608.3621052631579
412,608.3621052631579
413,608.3621052631579
414,608.3621052631579
415,608.3621052631579
416,608.3621052631579
417,608.3621052631579
418,608.3621052631579
419,608.3621052631579
420,608.3621052631579
421,608.3621052631579
422,608.3621052631579
423,608.3621052631579
424,608.3621052631579
425,608.3621052631579
426,608.3621052631579
427,60.836210526315796
428,60.836210526315796
429,608.3621052631579
430,608.3621052631579
431,608.3621052631579
432,608.3621052631579
433,608.3621052631579
434,608.3621052631579
435,608.3621052631579
436,608.3621052631579
437,608.3621052631579
438,608.3621052631579
439,608.3621052631579
440,608.3621052631579
441,608.3621052631579
442,608.3621052631579
443,608.3621052631579
444,608.3621052631579
445,608.3621052631579
446,608.3621052631579
447,608.3621052631579
448,608.3621052631579
449,608.3621052631579
450,608.3621052631579
451,60.836210526315796
452,60.836210526315796
453,608.3621052631579
454,608.3621052631579
455,608.3621052631579
456,608.3621052631579
457,608.3621052631579
458,608.3621052631579
459,608.3621052631579
460,608.3621052631579
461,608.3621052631579
462,608.3621052631579
463,608.3621052631579
464,608.3621052631579
465,608.3621052631579
466,608.3621052631579
467,608.3621052631579
468,608.3621052631579
469,608.3621052631579
470,608.3621052631579
471,608.3621052631579
472,608.3621052631579
473,608.3621052631579
474,608.3621052631579
475,60.836210526315796
476,60.836210526315796
477,608.3621052631579
478,608.3621052631579
479,608.3621052631579
480,608.3621052631579
481,608.3621052631579
482,608.3621052631579
483,608.3621052631579
484,608.3621052631579
485,608.3621052631579
486,608.3621052631579
487,608.3621052631579
488,608.3621052631579
489,608.3621052631579
490,608.3621052631579
491,608.3621052631579
492,608.3621052631579
493,608.3621052631579
494,608.3621052631579
495,608.3621052631579
496,608.3621052631579
497,608.3621052631579
498,608.3621052631579
499,60.836210526315796
500,60.836210526315796
501,608.3621052631579
502,608.3621052631579
503,608.3621052631579
504,608.3621052631579
505,608.3621052631579
506,608.3621052631579
507,608.3621052631579
508,608.3621052631579
509,608.3621052631579
510,608.3621052631579
511,608.3621052631579
512,608.3621052631579
513,608.3621052631579
514,608.3621052631579
515,608.3621052631579
516,608.3621052631579
517,608.3621052631579
518,608.3621052631579
519,608.3621052631579
520,608.3621052631579
521,608.3621052631579
522,608.3621052631579
523,60.836210526315796
524,60.836210526315796
525,608.3621052631579
526,608.3621052631579
527,608.3621052631579
528,608.3621052631579
529,608.3621052631579
530,608.3621052631579
531,608.3621052631579
532,608.3621052631579
533,608.3621052631579
534,608.3621052631579
535,608.3621052631579
536,608.3621052631579
537,608.3621052631579
538,608.3621052631579
539,608.3621052631579
540,608.3621052631579
541,608.3621052631579
542,608.3621052631579
543,608.3621052631579
544,608.3621052631579
545,608.3621052631579
546,608.3621052631579
547,60.836210526315796
548,60.836210526315796
549,608.3621052631579
550,608.3621052631579
551,608.3621052631579
552,608.3621052631579
553,608.3621052631579
554,608.3621052631579
555,608.3621052631579
556,608.3621052631579
557,608.3621052631579
558,608.3621052631579
559,608.3621052631579
560,608.3621052631579
561,608.3621052631579
562,608.3621052631579
563,608.3621052631579
564,608.3621052631579
565,608.3621052631579
566,608.3621052631579
567,608.3621052631579
568,608.3621052631579
569,608.3621052631579
570,608.3621052631579
571,60.836210526315796
572,60.836210526315796
573,608.3621052631579
574,608.3621052631579
575,608.3621052631579
576,608.3621052631579
577,608.3621052631579
578,608.3621052631579
579,608.3621052631579
580,608.3621052631579
581,608.3621052631579
582,608.3621052631579
583,608.3621052631579
584,608.3621052631579
585,608.3621052631579
586,608.3621052631579
587,608.3621052631579
588,608.3621052631579
589,608.3621052631579
590,608.3621052631579
591,608.3621052631579
592,608.3621052631579
593,608.3621052631579
594,608.3621052631579
595,60.836210526315796
596,60.836210526315796
597,608.3621052631579
598,608.3621052631579
599,608.3621052631579
600,608.3621052631579
601,608.3621052631579
602,608.3621052631579
603,608.3621052631579
604,608.3621052631579
605,608.3621052631579
606,608.3621052631579
607,608.3621052631579
608,608.3621052631579
609,608.3621052631579
610,608.3621052631579
611,608.3621052631579
612,608.3621052631579
613,608.3621052631579
614,608.3621052631579
615,608.3621052631579
616,608.3621052631579
617,608.3621052631579
618,608.3621052631579
619,60.836210526315796
620,60.836210526315796
621,608.3621052631579
622,608.3621052631579
623,608.3621052631579
624,608.3621052631579
625,608.3621052631579
626,608.3621052631579
627,608.3621052631579
628,608.3621052631579
629,608.3621052631579
630,608.3621052631579
631,608.3621052631579
632,608.3621052631579
633,608.3621052631579
634,608.3621052631579
635,608.3621052631579
636,608.3621052631579
637,608.3621052631579
638,608.3621052631579
639,608.3621052631579
640,608.3621052631579
641,608.3621052631579
642,608.3621052631579
643,60.836210526315796
644,60.836210526315796
645,608.3621052631579
646,608.3621052631579
647,608.3621052631579
648,608.3621052631579
649,608.3621052631579
650,608.3621052631579
651,608.3621052631579
652,608.3621052631579
653,608.3621052631579
654,608.3621052631579
655,608.3621052631579
656,608.3621052631579
657,608.3621052631579
658,608.3621052631579
659,608.3621052631579
660,608.3621052631579
661,608.3621052631579
662,608.3621052631579
663,608.3621052631579
664,608.3621052631579
665,608.3621052631579
666,608.3621052631579
667,60.836210526315796
668,60.836210526315796
669,608.3621052631579
670,608.3621052631579
671,608.3621052631579
672,608.3621052631579
673,608.3621052631579
674,608.3621052631579
675,608.3621052631579
676,608.3621052631579
677,608.3621052631579
678,608.3621052631579
679,608.3621052631579
680,608.3621052631579
681,608.3621052631579
682,608.3621052631579
683,608.3621052631579
684,608.3621052631579
685,608.3621052631579
686,608.3621052631579
687,608.3621052631579
688,608.3621052631579
689,608.3621052631579
690,608.3621052631579
691,60.836210526315796
692,60.836210526315796
693,608.3621052631579
694,608.3621052631579
695,608.3621052631579
696,608.3621052631579
697,608.3621052631579
698,608.3621052631579
699,608.3621052631579
700,608.3621052631579
701,608.3621052631579
702,608.3621052631579
703,608.3621052631579
704,608.3621052631579
705,608.3621052631579
706,608.3621052631579
707,608.3621052631579
708,608.3621052631579
709,608.3621052631579
710,608.3621052631579
711,608.3621052631579
712,608.3621052631579
713,608.3621052631579
714,608.3621052631579
715,60.836210526315796
716,60.836210526315796
717,608.3621052631579
718,608.3621052631579
719,608.3621052631579
720,608.3621052631579
721,608.3621052631579
722,608.3621052631579
723,608.3621052631579
724,608.3621052631579
725,608.3621052631579
726,608.3621052631579
727,608.3621052631579
728,608.3621052631579
729,608.3621052631579
730,608.3621052631579
731,608.3621052631579
732,608.3621052631579
733,608.3621052631579
734,608.3621052631579
735,608.3621052631579
736,608.3621052631579
737,608.3621052631579
738,608.3621052631579
739,60.836210526315796
740,60.836210526315796
741,608.3621052631579
742,608.3621052631579
743,608.3621052631579
744,608.3621052631579
745,608.3621052631579
746,608.3621052631579
747,608.3621052631579
748,608.3621052631579
749,608.3621052631579
750,608.3621052631579
751,608.3621052631579
752,608.3621052631579
753,608.3621052631579
754,608.3621052631579
755,608.3621052631579
756,608.3621052631579
757,608.3621052631579
758,608.3621052631579
759,608.3621052631579
760,608.3621052631579
761,608.3621052631579
762,608.3621052631579
763,60.836210526315796
764,60.836210526315796
765,608.3621052631579
766,608.3621052631579
767,608.3621052631579
768,608.3621052631579
769,608.3621052631579
770,608.3621052631579
771,608.3621052631579
772,608.3621052631579
773,608.3621052631579
774,608.3621052631579
775,608.3621052631579
776,608.3621052631579
777,608.3621052631579
778,608.3621052631579
779,608.3621052631579
780,608.3621052631579
781,608.3621052631579
782,608.3621052631579
783,608.3621052631579
784,608.3621052631579
785,608.3621052631579
786,608.3621052631579
787,60.836210526315796
788,60.836210526315796
789,608.3621052631579
790,608.3621052631579
791,608.3621052631579
792,608.3621052631579
793,608.3621052631579
794,608.3621052631579
795,608.3621052631579
796,608.3621052631579
797,608.3621052631579
798,608.3621052631579
799,608.3621052631579
800,608.3621052631579
801,608.3621052631579
802,608.3621052631579
803,608.3621052631579
804,608.3621052631579
805,608.3621052631579
806,608.3621052631579
807,608.3621052631579
808,608.3621052631579
809,608.3621052631579
810,608.3621052631579
811,60.836210526315796
812,60.836210526315796
813,608.3621052631579
814,608.3621052631579
815,608.3621052631579
816,608.3621052631579
817,608.3621052631579
818,608.3621052631579
819,608.3621052631579
820,608.3621052631579
821,608.3621052631579
822,608.3621052631579
823,608.3621052631579
824,608.3621052631579
825,608.3621052631579
826,608.3621052631579
827,608.3621052631579
828,608.3621052631579
829,608.3621052631579
830,608.3621052631579
831,608.3621052631579
832,608.3621052631579
833,608.3621052631579
834,608.3621052631579
835,60.836210526315796
836,60.836210526315796
837,608.3621052631579
838,608.3621052631579
839,608.3621052631579
840,608.3621052631579
841,608.3621052631579
842,608.3621052631579
843,608.3621052631579
844,608.3621052631579
845,608.3621052631579
846,608.3621052631579
847,608.3621052631579
848,608.3621052631579
849,608.3621052631579
850,608.3621052631579
851,608.3621052631579
852,608.3621052631579
853,608.3621052631579
854,608.3621052631579
855,608.3621052631579
856,608.3621052631579
857,608.3621052631579
858,608.3621052631579
859,60.836210526315796
860,60.836210526315796
861,608.3621052631579
862,608.3621052631579
863,608.3621052631579
864,608.3621052631579
865,608.3621052631579
866,608.3621052631579
867,608.3621052631579
868,608.3621052631579
869,608.3621052631579
870,608.3621052631579
871,608.3621052631579
872,608.3621052631579
873,608.3621052631579
874,608.3621052631579
875,608.3621052631579
876,608.3621052631579
877,608.3621052631579
878,608.3621052631579
879,608.3621052631579
880,608.3621052631579
881,608.3621052631579
882,608.3621052631579
883,60.836210526315796
884,60.836210526315796
885,608.3621052631579
886,608.3621052631579
887,608.3621052631579
888,608.3621052631579
889,608.3621052631579
890,608.3621052631579
891,608.3621052631579
892,608.3621052631579
893,608.3621052631579
894,608.3621052631579
895,608.3621052631579
896,608.3621052631579
897,608.3621052631579
898,608.3621052631579
899,608.3621052631579
900,608.3621052631579
901,608.3621052631579
902,608.3621052631579
903,608.3621052631579
904,608.3621052631579
905,608.3621052631579
906,608.3621052631579
907,60.836210526315796
908,60.836210526315796
909,608.3621052631579
910,608.3621052631579
911,608.3621052631579
912,608.3621052631579
913,608.3621052631579
914,608.3621052631579
915,608.3621052631579
916,608.3621052631579
917,608.3621052631579
918,608.3621052631579
919,608.3621052631579
920,608.3621052631579
921,608.3621052631579
922,608.3621052631579
923,608.3621052631579
924,608.3621052631579
925,608.3621052631579
926,608.3621052631579
927,608.3621052631579
928,608.3621052631579
929,608.3621052631579
930,608.3621052631579
931,60.836210526315796
932,60.836210526315796
933,608.3621052631579
934,608.3621052631579
935,608.3621052631579
936,608.3621052631579
937,608.3621052631579
938,608.3621052631579
939,608.3621052631579
940,608.3621052631579
941,608.3621052631579
942,608.3621052631579
943,608.3621052631579
944,608.3621052631579
945,608.3621052631579
946,608.3621052631579
947,608.3621052631579
948,608.3621052631579
949,608.3621052631579
950,608.3621052631579
951,608.3621052631579
952,608.3621052631579
953,608.3621052631579
954,608.3621052631579
955,60.836210526315796
956,60.836210526315796
957,608.3621052631579
958,608.3621052631579
959,608.3621052631579
960,608.3621052631579
961,608.3621052631579
962,608.3621052631579
963,608.3621052631579
964,608.3621052631579
965,608.3621052631579
966,608.3621052631579
967,608.3621052631579
968,608.3621052631579
969,608.3621052631579
970,608.3621052631579
971,608.3621052631579
972,608.3621052631579
973,608.3621052631579
974,608.3621052631579
975,608.3621052631579
976,608.3621052631579
977,608.3621052631579
978,608.3621052631579
979,60.836210526315796
980,60.836210526315796
981,608.3621052631579
982,608.3621052631579
983,608.3621052631579
984,608.3621052631579
985,608.3621052631579
986,608.3621052631579
987,608.3621052631579
988,608.3621052631579
989,608.3621052631579
990,608.3621052631579
991,608.3621052631579
992,608.3621052631579
993,608.3621052631579
994,608.3621052631579
995,608.3621052631579
996,608.3621052631579
997,608.3621052631579
998,608.3621052631579
999,608.3621052631579
1000,608.3621052631579
1001,608.3621052631579
1002,608.3621052631579
1003,60.836210526315796
1004,60.836210526315796
1005,608.3621052631579
1006,608.3621052631579
1007,608.3621052631579
1008,608.3621052631579
1009,608.3621052631579
1010,608.3621052631579
1011,608.3621052631579
1012,608.3621052631579
1013,608.3621052631579
1014,608.3621052631579
1015,608.3621052631579
1016,608.3621052631579
1017,608.3621052631579
1018,608.3621052631579
1019,608.3621052631579
1020,608.3621052631579
1021,608.3621052631579
1022,608.3621052631579
1023,608.3621052631579
1024,608.3621052631579
1025,608.3621052631579
1026,608.3621052631579
1027,60.836210526315796
1028,60.836210526315796
1029,608.3621052631579
1030,608.3621052631579
1031,608.3621052631579
1032,608.3621052631579
1033,608.3621052631579
1034,608.3621052631579
1035,608.3621052631579
1036,608.3621052631579
1037,608.3621052631579
1038,608.3621052631579
1039,608.3621052631579
1040,608.3621052631579
1041,608.3621052631579
1042,608.3621052631579
1043,608.3621052631579
1044,608.3621052631579
1045,608.3621052631579
1046,608.3621052631579
1047,608.3621052631579
1048,608.3621052631579
1049,608.3621052631579
1050,608.3621052631579
1051,60.836210526315796
1052,60.836210526315796
1053,608.3621052631579
1054,608.3621052631579
1055,608.3621052631579
1056,608.3621052631579
1057,608.3621052631579
1058,608.3621052631579
1059,608.3621052631579
1060,608.3621052631579
1061,608.3621052631579
1062,608.3621052631579
1063,608.3621052631579
1064,608.3621052631579
1065,608.3621052631579
1066,608.3621052631579
1067,608.3621052631579
1068,608.3621052631579
1069,608.3621052631579
1070,608.3621052631579
1071,608.3621052631579
1072,608.3621052631579
1073,608.3621052631579
1074,608.3621052631579
1075,60.836210526315796
1076,60.836210526315796
1077,608.3621052631579
1078,608.3621052631579
1079,608.3621052631579
1080,608.3621052631579
1081,608.3621052631579
1082,608.3621052631579
1083,608.3621052631579
1084,608.3621052631579
1085,608.3621052631579
1086,608.3621052631579
1087,608.3621052631579
1088,608.3621052631579
1089,608.3621052631579
1090,608.3621052631579
1091,608.3621052631579
1092,608.3621052631579
1093,608.3621052631579
1094,608.3621052631579
1095,608.3621052631579
1096,608.3621052631579
1097,608.3621052631579
1098,608.3621052631579
1099,60.836210526315796
1100,60.836210526315796
1101,608.3621052631579
1102,608.3621052631579
1103,608.3621052631579
1104,608.3621052631579
1105,608.3621052631579
1106,608.3621052631579
1107,608.3621052631579
1108,608.3621052631579
1109,608.3621052631579
1110,608.3621052631579
1111,608.3621052631579
1112,608.3621052631579
1113,608.3621052631579
1114,608.3621052631579
1115,608.3621052631579
1116,608.3621052631579
1117,608.3621052631579
1118,608.3621052631579
1119,608.3621052631579
1120,608.3621052631579
1121,608.3621052631579
1122,608.3621052631579
1123,60.836210526315796
1124,60.836210526315796
1125,608.3621052631579
1126,608.3621052631579
1127,608.3621052631579
1128,608.3621052631579
1129,608.3621052631579
1130,608.3621052631579
1131,608.3621052631579
1132,608.3621052631579
1133,608.3621052631579
1134,608.3621052631579
1135,608.3621052631579
1136,608.3621052631579
1137,608.3621052631579
1138,608.3621052631579
1139,608.3621052631579
1140,608.3621052631579
1141,608.3621052631579
1142,608.3621052631579
1143,608.3621052631579
1144,608.3621052631579
1145,608.3621052631579
1146,608.3621052631579
1147,60.836210526315796
1148,60.836210526315796
1149,608.3621052631579
1150,608.3621052631579
1151,608.3621052631579
1152,608.3621052631579
1153,608.3621052631579
1154,608.3621052631579
1155,608.3621052631579
1156,608.3621052631579
1157,608.3621052631579
1158,608.3621052631579
1159,608.3621052631579
1160,608.3621052631579
1161,608.3621052631579
1162,608.3621052631579
1163,608.3621052631579
1164,608.3621052631579
1165,608.3621052631579
1166,608.3621052631579
1167,608.3621052631579
1168,608.3621052631579
1169,608.3621052631579
1170,608.3621052631579
1171,60.836210526315796
1172,60.836210526315796
1173,608.3621052631579
1174,608.3621052631579
1175,608.3621052631579
1176,162.43268210526315
1177,162.43268210526315
1178,162.43268210526315
1179,162.43268210526315
1180,162.43268210526315
1181,162.43268210526315
1182,162.43268210526315
1183,162.43268210526315
1184,162.43268210526315
1185,162.43268210526315
1186,162.43268210526315
1187,162.43268210526315
1188,162.43268210526315
1189,162.43268210526315
1190,162.43268210526315
1191,162.43268210526315
1192,162.43268210526315
1193,162.43268210526315
1194,162.43268210526315
1195,18.250863157894738
1196,18.250863157894738
1197,162.43268210526315
1198,162.43268210526315
1199,162.43268210526315
1200,162.43268210526315
1201,162.43268210526315
1202,162.43268210526315
1203,162.43268210526315
1204,162.43268210526315
1205,162.43268210526315
1206,162.43268210526315
1207,162.43268210526315
1208,162.43268210526315
1209,162.43268210526315
1210,162.43268210526315
1211,162.43268210526315
1212,162.43268210526315
1213,162.43268210526315
1214,162.43268210526315
1215,162.43268210526315
1216,162.43268210526315
1217,162.43268210526315
1218,162.43268210526315
1219,18.250863157894738
1220,18.250863157894738
1221,162.43268210526315
1222,162.43268210526315
1223,162.43268210526315
1224,162.43268210526315
1225,162.43268210526315
1226,162.43268210526315
1227,162.43268210526315
1228,162.43268210526315
1229,162.43268210526315
1230,162.43268210526315
1231,162.43268210526315
1232,162.43268210526315
1233,162.43268210526315
1234,162.43268210526315
1235,162.43268210526315
1236,162.43268210526315
1237,162.43268210526315
1238,162.43268210526315
1239,162.43268210526315
1240,162.43268210526315
1241,162.43268210526315
1242,162.43268210526315
1243,18.250863157894738
1244,18.250863157894738
1245,162.43268210526315
1246,162.43268210526315
1247,162.43268210526315
1248,162.43268210526315
1249,162.43268210526315
1250,162.43268210526315
1251,162.43268210526315
1252,162.43268210526315
1253,162.43268210526315
1254,162.43268210526315
1255,162.43268210526315
1256,162.43268210526315
1257,162.43268210526315
1258,162.43268210526315
1259,162.43268210526315
1260,162.43268210526315
1261,162.43268210526315
1262,162.43268210526315
1263,162.43268210526315
1264,162.43268210526315
1265,162.43268210526315
1266,162.43268210526315
1267,18.250863157894738
1268,18.250863157894738
1269,162.43268210526315
1270,162.43268210526315
1271,162.43268210526315
1272,162.43268210526315
1273,162.43268210526315
1274,162.43268210526315
1275,162.43268210526315
1276,162.43268210526315
1277,162.43268210526315
1278,162.43268210526315
1279,162.43268210526315
1280,162.43268210526315
1281,162.43268210526315
1282,162.43268210526315
1283,162.43268210526315
1284,162.43268210526315
1285,162.43268210526315
1286,162.43268210526315
1287,162.43268210526315
1288,162.43268210526315
1289,162.43268210526315
1290,162.43268210526315
1291,18.250863157894738
1292,18.250863157894738
1293,162.43268210526315
1294,162.43268210526315
1295,162.43268210526315
1296,162.43268210526315
1297,162.43268210526315
1298,162.43268210526315
1299,162.43268210526315
1300,162.43268210526315
1301,162.43268210526315
1302,162.43268210526315
1303,162.43268210526315
1304,162.43268210526315
1305,162.43268210526315
1306,162.43268210526315
1307,162.43268210526315
1308,162.43268210526315
1309,162.43268210526315
1310,162.43268210526315
1311,162.43268210526315
1312,162.43268210526315
1313,162.43268210526315
1314,162.43268210526315
1315,18.250863157894738
1316,18.250863157894738
1317,162.43268210526315
1318,162.43268210526315
1319,162.43268210526315
1320,162.43268210526315
1321,162.43268210526315
1322,162.43268210526315
1323,162.43268210526315
1324,162.43268210526315
1325,162.43268210526315
1326,162.43268210526315
1327,162.43268210526315
1328,162.43268210526315
1329,162.43268210526315
1330,162.43268210526315
1331,162.43268210526315
1332,162.43268210526315
1333,162.43268210526315
1334,162.43268210526315
1335,162.43268210526315
1336,162.43268210526315
1337,162.43268210526315
1338,162.43268210526315
1339,18.250863157894738
1340,18.250863157894738
1341,162.43268210526315
1342,162.43268210526315
1343,162.43268210526315
1344,162.43268210526315
1345,162.43268210526315
1346,162.43268210526315
1347,162.43268210526315
1348,162.43268210526315
1349,162.43268210526315
1350,162.43268210526315
1351,162.43268210526315
1352,162.43268210526315
1353,162.43268210526315
1354,162.43268210526315
1355,162.43268210526315
1356,162.43268210526315
1357,162.43268210526315
1358,162.43268210526315
1359,162.43268210526315
1360,162.43268210526315
1361,162.43268210526315
1362,162.43268210526315
1363,18.250863157894738
1364,18.250863157894738
1365,162.43268210526315
1366,162.43268210526315
1367,162.43268210526315
1368,162.43268210526315
1369,162.43268210526315
1370,162.43268210526315
1371,162.43268210526315
1372,162.43268210526315
1373,162.43268210526315
1374,162.43268210526315
1375,162.43268210526315
1376,162.43268210526315
1377,162.43268210526315
1378,162.43268210526315
1379,162.43268210526315
1380,162.43268210526315
1381,162.43268210526315
1382,162.43268210526315
1383,162.43268210526315
1384,162.43268210526315
1385,162.43268210526315
1386,162.43268210526315
1387,18.250863157894738
1388,18.250863157894738
1389,162.43268210526315
1390,162.43268210526315
1391,162.43268210526315
1392,162.43268210526315
1393,162.43268210526315
1394,162.43268210526315
1395,162.43268210526315
1396,162.43268210526315
1397,162.43268210526315
1398,162.43268210526315
1399,162.43268210526315
1400,162.43268210526315
1401,162.43268210526315
1402,162.43268210526315
1403,162.43268210526315
1404,162.43268210526315
1405,162.43268210526315
1406,162.43268210526315
1407,162.43268210526315
1408,162.43268210526315
1409,162.43268210526315
1410,162.43268210526315
1411,18.250863157894738
1412,18.250863157894738
1413,162.43268210526315
1414,162.43268210526315
1415,162.43268210526315
1416,162.43268210526315
1417,162.43268210526315
1418,162.43268210526315
1419,162.43268210526315
1420,162.43268210526315
1421,162.43268210526315
1422,162.43268210526315
1423,162.43268210526315
1424,162.43268210526315
1425,162.43268210526315
1426,162.43268210526315
1427,162.43268210526315
1428,162.43268210526315
1429,162.43268210526315
1430,162.43268210526315
1431,162.43268210526315
1432,162.43268210526315
1433,162.43268210526315
1434,162.43268210526315
1435,18.250863157894738
1436,18.250863157894738
1437,162.43268210526315
1438,162.43268210526315
1439,162.43268210526315
1440,162.43268210526315
1441,162.43268210526315
1442,162.43268210526315
1443,162.43268210526315
1444,162.43268210526315
1445,162.43268210526315
1446,162.43268210526315
1447,162.43268210526315
1448,162.43268210526315
1449,162.43268210526315
1450,162.43268210526315
1451,162.43268210526315
1452,162.43268210526315
1453,162.43268210526315
1454,162.43268210526315
1455,162.43268210526315
1456,162.43268210526315
1457,162.43268210526315
1458,162.43268210526315
1459,18.250863157894738
1460,18.250863157894738
1461,162.43268210526315
1462,162.43268210526315
1463,162.43268210526315
1464,162.43268210526315
1465,162.43268210526315
1466,162.43268210526315
1467,162.43268210526315
1468,162.43268210526315
1469,162.43268210526315
1470,162.43268210526315
1471,162.43268210526315
1472,162.43268210526315
1473,162.43268210526315
1474,162.43268210526315
1475,162.43268210526315
1476,162.43268210526315
1477,162.43268210526315
1478,162.43268210526315
1479,162.43268210526315
1480,162.43268210526315
1481,162.43268210526315
1482,162.43268210526315
1483,18.250863157894738
1484,18.250863157894738
1485,162.43268210526315
1486,162.43268210526315
1487,162.43268210526315
1488,162.43268210526315
1489,162.43268210526315
1490,162.43268210526315
1491,162.43268210526315
1492,162.43268210526315
1493,162.43268210526315
1494,162.43268210526315
1495,162.43268210526315
1496,162.43268210526315
1497,162.43268210526315
1498,162.43268210526315
1499,162.43268210526315
1500,162.43268210526315
1501,162.43268210526315
1502,162.43268210526315
1503,162.43268210526315
1504,162.43268210526315
1505,162.43268210526315
1506,162.43268210526315
1507,18.250863157894738
1508,18.250863157894738
1509,162.43268210526315
1510,162.43268210526315
1511,162.43268210526315
1512,162.43268210526315
1513,162.43268210526315
1514,162.43268210526315
1515,162.43268210526315
1516,162.43268210526315
1517,162.43268210526315
1518,162.43268210526315
1519,162.43268210526315
1520,162.43268210526315
1521,162.43268210526315
1522,162.43268210526315
1523,162.43268210526315
1524,162.43268210526315
1525,162.43268210526315
1526,162.43268210526315
1527,162.43268210526315
1528,162.43268210526315
1529,162.43268210526315
1530,162.43268210526315
1531,18.250863157894738
1532,18.250863157894738
1533,162.43268210526315
1534,162.43268210526315
1535,162.43268210526315
1536,162.43268210526315
1537,162.43268210526315
1538,162.43268210526315
1539,162.43268210526315
1540,162.43268210526315
1541,162.43268210526315
1542,162.43268210526315
1543,162.43268210526315
1544,162.43268210526315
1545,162.43268210526315
1546,162.43268210526315
1547,162.43268210526315
1548,162.43268210526315
1549,162.43268210526315
1550,162.43268210526315
1551,162.43268210526315
1552,162.43268210526315
1553,162.43268210526315
1554,162.43268210526315
1555,18.250863157894738
1556,18.250863157894738
1557,162.43268210526315
1558,162.43268210526315
1559,162.43268210526315
1560,162.43268210526315
1561,162.43268210526315
1562,162.43268210526315
1563,162.43268210526315
1564,162.43268210526315
1565,162.43268210526315
1566,162.43268210526315
1567,162.43268210526315
1568,162.43268210526315
1569,162.43268210526315
1570,162.43268210526315
1571,162.43268210526315
1572,162.43268210526315
1573,162.43268210526315
1574,162.43268210526315
1575,162.43268210526315
1576,162.43268210526315
1577,162.43268210526315
1578,162.43268210526315
1579,18.250863157894738
1580,18.250863157894738
1581,162.43268210526315
1582,162.43268210526315
1583,162.43268210526315
1584,162.43268210526315
1585,162.43268210526315
1586,162.43268210526315
1587,162.43268210526315
1588,162.43268210526315
1589,162.43268210526315
1590,162.43268210526315
1591,162.43268210526315
1592,162.43268210526315
1593,162.43268210526315
1594,162.43268210526315
1595,162.43268210526315
1596,162.43268210526315
1597,162.43268210526315
1598,162.43268210526315
1599,162.43268210526315
1600,162.43268210526315
1601,162.43268210526315
1602,162.43268210526315
1603,18.250863157894738
1604,18.250863157894738
1605,162.43268210526315
1606,162.43268210526315
1607,162.43268210526315
1608,162.43268210526315
1609,162.43268210526315
1610,162.43268210526315
1611,162.43268210526315
1612,162.43268210526315
1613,162.43268210526315
1614,162.43268210526315
1615,162.43268210526315
1616,162.43268210526315
1617,162.43268210526315
1618,162.43268210526315
1619,162.43268210526315
1620,162.43268210526315
1621,162.43268210526315
1622,162.43268210526315
1623,162.43268210526315
1624,162.43268210526315
1625,162.43268210526315
1626,162.43268210526315
1627,18.250863157894738
1628,18.250863157894738
1629,162.43268210526315
1630,162.43268210526315
1631,162.43268210526315
1632,162.43268210526315
1633,162.43268210526315
1634,162.43268210526315
1635,162.43268210526315
1636,162.43268210526315
1637,162.43268210526315
1638,162.43268210526315
1639,162.43268210526315
1640,162.43268210526315
1641,162.43268210526315
1642,162.43268210526315
1643,162.43268210526315
1644,162.43268210526315
1645,162.43268210526315
1646,162.43268210526315
1647,162.43268210526315
1648,162.43268210526315
1649,162.43268210526315
1650,162.43268210526315
1651,18.250863157894738
1652,18.250863157894738
1653,162.43268210526315
1654,162.43268210526315
1655,162.43268210526315
1656,0
1657,0
1658,0
1659,0
1660,0
1661,0
1662,0
1663,0
1664,0
1665,0
1666,0
1667,0
1668,0
1669,0
1670,0
1671,0
1672,0
1673,0
1674,0
1675,0
1676,0
1677,0
1678,0
1679,0
1680,162.43268210526315
1681,162.43268210526315
1682,162.43268210526315
1683,162.43268210526315
1684,162.43268210526315
1685,162.43268210526315
1686,162.43268210526315
1687,162.43268210526315
1688,162.43268210526315
1689,162.43268210526315
1690,162.43268210526315
1691,162.43268210526315
1692,162.43268210526315
1693,162.43268210526315
1694,162.43268210526315
1695,162.43268210526315
1696,162.43268210526315
1697,162.43268210526315
1698,162.43268210526315
1699,18.250863157894738
1700,18.250863157894738
1701,162.43268210526315
1702,162.43268210526315
1703,162.43268210526315
1704,162.43268210526315
1705,162.43268210526315
1706,162.43268210526315
1707,162.43268210526315
1708,162.43268210526315
1709,162.43268210526315
1710,162.43268210526315
1711,162.43268210526315
1712,162.43268210526315
1713,162.43268210526315
1714,162.43268210526315
1715,162.43268210526315
1716,162.43268210526315
1717,162.43268210526315
1718,162.43268210526315
1719,162.43268210526315
1720,162.43268210526315
1721,162.43268210526315
1722,162.43268210526315
1723,18.250863157894738
1724,18.250863157894738
1725,162.43268210526315
1726,162.43268210526315
1727,162.43268210526315
1728,162.43268210526315
1729,162.43268210526315
1730,162.43268210526315
1731,162.43268210526315
1732,162.43268210526315
1733,162.43268210526315
1734,162.43268210526315
1735,162.43268210526315
1736,162.43268210526315
1737,162.43268210526315
1738,162.43268210526315
1739,162.43268210526315
1740,162.43268210526315
1741,162.43268210526315
1742,162.43268210526315
1743,162.43268210526315
1744,162.43268210526315
1745,162.43268210526315
1746,162.43268210526315
1747,18.250863157894738
1748,18.250863157894738
1749,162.43268210526315
1750,162.43268210526315
1751,162.43268210526315
1752,162.43268210526315
1753,162.43268210526315
1754,162.43268210526315
1755,162.43268210526315
1756,162.43268210526315
1757,162.43268210526315
1758,162.43268210526315
1759,162.43268210526315
1760,162.43268210526315
1761,162.43268210526315
1762,162.43268210526315
1763,162.43268210526315
1764,162.43268210526315
1765,162.43268210526315
1766,162.43268210526315
1767,162.43268210526315
1768,162.43268210526315
1769,162.43268210526315
1770,162.43268210526315
1771,18.250863157894738
1772,18.250863157894738
1773,162.43268210526315
1774,162.43268210526315
1775,162.43268210526315
1776,162.43268210526315
1777,162.43268210526315
1778,162.43268210526315
1779,162.43268210526315
1780,162.43268210526315
1781,162.43268210526315
1782,162.43268210526315
1783,162.43268210526315
1784,162.43268210526315
1785,162.43268210526315
1786,162.43268210526315
1787,162.43268210526315
1788,162.43268210526315
1789,162.43268210526315
1790,162.43268210526315
1791,162.43268210526315
1792,162.43268210526315
1793,162.43268210526315
1794,162.43268210526315
1795,18.250863157894738
1796,18.250863157894738
1797,162.43268210526315
1798,162.43268210526315
1799,162.43268210526315
1800,162.43268210526315
1801,162.43268210526315
1802,162.43268210526315
1803,162.43268210526315
1804,162.43268210526315
1805,162.43268210526315
1806,162.43268210526315
1807,162.43268210526315
1808,162.43268210526315
1809,162.43268210526315
1810,162.43268210526315
1811,162.43268210526315
1812,162.43268210526315
1813,162.43268210526315
1814,162.43268210526315
1815,162.43268210526315
1816,162.43268210526315
1817,162.43268210526315
1818,162.43268210526315
1819,18.250863157894738
1820,18.250863157894738
1821,162.43268210526315
1822,162.43268210526315
1823,162.43268210526315
1824,0
1825,0
1826,0
1827,0
1828,0
1829,0
1830,0
1831,0
1832,0
1833,0
1834,0
1835,0
1836,0
1837,0
1838,0
1839,0
1840,0
1841,0
1842,0
1843,0
1844,0
1845,0
1846,0
1847,0
1848,162.43268210526315
1849,162.43268210526315
1850,162.43268210526315
1851,162.43268210526315
1852,162.43268210526315
1853,162.43268210526315
1854,162.43268210526315
1855,162.43268210526315
1856,162.43268210526315
1857,162.43268210526315
1858,162.43268210526315
1859,162.43268210526315
1860,162.43268210526315
1861,162.43268210526315
1862,162.43268210526315
1863,162.43268210526315
1864,162.43268210526315
1865,162.43268210526315
1866,162.43268210526315
1867,18.250863157894738
1868,18.250863157894738
1869,162.43268210526315
1870,162.43268210526315
1871,162.43268210526315
1872,162.43268210526315
1873,162.43268210526315
1874,162.43268210526315
1875,162.43268210526315
1876,162.43268210526315
1877,162.43268210526315
1878,162.43268210526315
1879,162.43268210526315
1880,162.43268210526315
1881,162.43268210526315
1882,162.43268210526315
1883,162.43268210526315
1884,162.43268210526315
1885,162.43268210526315
1886,162.43268210526315
1887,162.43268210526315
1888,162.43268210526315
1889,162.43268210526315
1890,162.43268210526315
1891,18.250863157894738
1892,18.250863157894738
1893,162.43268210526315
1894,162.43268210526315
1895,162.43268210526315
1896,162.43268210526315
1897,162.43268210526315
1898,162.43268210526315
1899,162.43268210526315
1900,162.43268210526315
1901,162.43268210526315
1902,162.43268210526315
1903,162.43268210526315
1904,162.43268210526315
1905,162.43268210526315
1906,162.43268210526315
1907,162.43268210526315
1908,162.43268210526315
1909,162.43268210526315
1910,162.43268210526315
1911,162.43268210526315
1912,162.43268210526315
1913,162.43268210526315
1914,162.43268210526315
1915,18.250863157894738
1916,18.250863157894738
1917,162.43268210526315
1918,162.43268210526315
1919,162.43268210526315
1920,162.43268210526315
1921,162.43268210526315
1922,162.43268210526315
1923,162.43268210526315
1924,162.43268210526315
1925,162.43268210526315
1926,162.43268210526315
1927,162.43268210526315
1928,162.43268210526315
1929,162.43268210526315
1930,162.43268210526315
1931,162.43268210526315
1932,162.43268210526315
1933,162.43268210526315
1934,162.43268210526315
1935,162.43268210526315
1936,162.43268210526315
1937,162.43268210526315
1938,162.43268210526315
1939,18.250863157894738
1940,18.250863157894738
1941,162.43268210526315
1942,162.43268210526315
1943,162.43268210526315
1944,162.43268210526315
1945,162.43268210526315
1946,162.43268210526315
1947,162.43268210526315
1948,162.43268210526315
1949,162.43268210526315
1950,162.43268210526315
1951,162.43268210526315
1952,162.43268210526315
1953,162.43268210526315
1954,162.43268210526315
1955,162.43268210526315
1956,162.43268210526315
1957,162.43268210526315
1958,162.43268210526315
1959,162.43268210526315
1960,162.43268210526315
1961,162.43268210526315
1962,162.43268210526315
1963,18.250863157894738
1964,18.250863157894738
1965,162.43268210526315
1966,162.43268210526315
1967,162.43268210526315
1968,162.43268210526315
1969,162.43268210526315
1970,162.43268210526315
1971,162.43268210526315
1972,162.43268210526315
1973,162.43268210526315
1974,162.43268210526315
1975,162.43268210526315
1976,162.43268210526315
1977,162.43268210526315
1978,162.43268210526315
1979,162.43268210526315
1980,162.43268210526315
1981,162.43268210526315
1982,162.43268210526315
1983,162.43268210526315
1984,162.43268210526315
1985,162.43268210526315
1986,162.43268210526315
1987,18.250863157894738
1988,18.250863157894738
1989,162.43268210526315
1990,162.43268210526315
1991,162.43268210526315
1992,0
1993,0
1994,0
1995,0
1996,0
1997,0
1998,0
1999,0
2000,0
2001,0
2002,0
2003,0
2004,0
2005,0
2006,0
2007,0
2008,0
2009,0
2010,0
2011,0
2012,0
2013,0
2014,0
2015,0
2016,162.43268210526315
2017,162.43268210526315
2018,162.43268210526315
2019,162.43268210526315
2020,162.43268210526315
2021,162.43268210526315
2022,162.43268210526315
2023,162.43268210526315
2024,162.43268210526315
2025,162.43268210526315
2026,162.43268210526315
2027,162.43268210526315
2028,162.43268210526315
2029,162.43268210526315
2030,162.43268210526315
2031,162.43268210526315
2032,162.43268210526315
2033,162.43268210526315
2034,162.43268210526315
2035,18.250863157894738
2036,18.250863157894738
2037,162.43268210526315
2038,162.43268210526315
2039,162.43268210526315
2040,162.43268210526315
2041,162.43268210526315
2042,162.43268210526315
2043,162.43268210526315
2044,162.43268210526315
2045,162.43268210526315
2046,162.43268210526315
2047,162.43268210526315
2048,162.43268210526315
2049,162.43268210526315
2050,162.43268210526315
2051,162.43268210526315
2052,162.43268210526315
2053,162.43268210526315
2054,162.43268210526315
2055,162.43268210526315
2056,162.43268210526315
2057,162.43268210526315
2058,162.43268210526315
2059,18.250863157894738
2060,18.250863157894738
2061,162.43268210526315
2062,162.43268210526315
2063,162.43268210526315
2064,162.43268210526315
2065,162.43268210526315
2066,162.43268210526315
2067,162.43268210526315
2068,162.43268210526315
2069,162.43268210526315
2070,162.43268210526315
2071,162.43268210526315
2072,162.43268210526315
2073,162.43268210526315
2074,162.43268210526315
2075,162.43268210526315
2076,162.43268210526315
2077,162.43268210526315
2078,162.43268210526315
2079,162.43268210526315
2080,162.43268210526315
2081,162.43268210526315
2082,162.43268210526315
2083,18.250863157894738
2084,18.250863157894738
2085,162.43268210526315
2086,162.43268210526315
2087,162.43268210526315
2088,162.43268210526315
2089,162.43268210526315
2090,162.43268210526315
2091,162.43268210526315
2092,162.43268210526315
2093,162.43268210526315
2094,162.43268210526315
2095,162.43268210526315
2096,162.43268210526315
2097,162.43268210526315
2098,162.43268210526315
2099,162.43268210526315
2100,162.43268210526315
2101,162.43268210526315
2102,162.43268210526315
2103,162.43268210526315
2104,162.43268210526315
2105,162.43268210526315
2106,162.43268210526315
2107,18.250863157894738
2108,18.250863157894738
2109,162.43268210526315
2110,162.43268210526315
2111,162.43268210526315
2112,162.43268210526315
2113,162.43268210526315
2114,162.43268210526315
2115,162.43268210526315
2116,162.43268210526315
2117,162.43268210526315
2118,162.43268210526315
2119,162.43268210526315
2120,162.43268210526315
2121,162.43268210526315
2122,162.43268210526315
2123,162.43268210526315
2124,162.43268210526315
2125,162.43268210526315
2126,162.43268210526315
2127,162.43268210526315
2128,162.43268210526315
2129,162.43268210526315
2130,162.43268210526315
2131,18.250863157894738
2132,18.250863157894738
2133,162.43268210526315
2134,162.43268210526315
2135,162.43268210526315
2136,162.43268210526315
2137,162.43268210526315
2138,162.43268210526315
2139,162.43268210526315
2140,162.43268210526315
2141,162.43268210526315
2142,162.43268210526315
2143,162.43268210526315
2144,162.43268210526315
2145,162.43268210526315
2146,162.43268210526315
2147,162.43268210526315
2148,162.43268210526315
2149,162.43268210526315
2150,162.43268210526315
2151,162.43268210526315
2152,162.43268210526315
2153,162.43268210526315
2154,162.43268210526315
2155,18.250863157894738
2156,18.250863157894738
2157,162.43268210526315
2158,162.43268210526315
2159,162.43268210526315
2160,0
2161,0
2162,0
2163,0
2164,0
2165,0
2166,0
2167,0
2168,0
2169,0
2170,0
2171,0
2172,0
2173,0
2174,0
2175,0
2176,0
2177,0
2178,0
2179,0
2180,0
2181,0
2182,0
2183,0
2184,162.43268210526315
2185,162.43268210526315
2186,162.43268210526315
2187,162.43268210526315
2188,162.43268210526315
2189,162.43268210526315
2190,162.43268210526315
2191,162.43268210526315
2192,162.43268210526315
2193,162.43268210526315
2194,162.43268210526315
2195,162.43268210526315
2196,162.43268210526315
2197,162.43268210526315
2198,162.43268210526315
2199,162.43268210526315
2200,162.43268210526315
2201,162.43268210526315
2202,162.43268210526315
2203,18.250863157894738
2204,18.250863157894738
2205,162.43268210526315
2206,162.43268210526315
2207,162.43268210526315
2208,162.43268210526315
2209,162.43268210526315
2210,162.43268210526315
2211,162.43268210526315
2212,162.43268210526315
2213,162.43268210526315
2214,162.43268210526315
2215,162.43268210526315
2216,162.43268210526315
2217,162.43268210526315
2218,162.43268210526315
2219,162.43268210526315
2220,162.43268210526315
2221,162.43268210526315
2222,162.43268210526315
2223,162.43268210526315
2224,162.43268210526315
2225,162.43268210526315
2226,162.43268210526315
2227,18.250863157894738
2228,18.250863157894738
2229,162.43268210526315
2230,162.43268210526315
2231,162.43268210526315
2232,162.43268210526315
2233,162.43268210526315
2234,162.43268210526315
2235,162.43268210526315
2236,162.43268210526315
2237,162.43268210526315
2238,162.43268210526315
2239,162.43268210526315
2240,162.43268210526315
2241,162.43268210526315
2242,162.43268210526315
2243,162.43268210526315
2244,162.43268210526315
2245,162.43268210526315
2246,162.43268210526315
2247,162.43268210526315
2248,162.43268210526315
2249,162.43268210526315
2250,162.43268210526315
2251,18.250863157894738
2252,18.250863157894738
2253,162.43268210526315
2254,162.43268210526315
2255,162.43268210526315
2256,162.43268210526315
2257,162.43268210526315
2258,162.43268210526315
2259,162.43268210526315
2260,162.43268210526315
2261,162.43268210526315
2262,162.43268210526315
2263,162.43268210526315
2264,162.43268210526315
2265,162.43268210526315
2266,162.43268210526315
2267,162.43268210526315
2268,162.43268210526315
2269,162.43268210526315
2270,162.43268210526315
2271,162.43268210526315
2272,162.43268210526315
2273,162.43268210526315
2274,162.43268210526315
2275,18.250863157894738
2276,18.250863157894738
2277,162.43268210526315
2278,162.43268210526315
2279,162.43268210526315
2280,162.43268210526315
2281,162.43268210526315
2282,162.43268210526315
2283,162.43268210526315
2284,162.43268210526315
2285,162.43268210526315
2286,162.43268210526315
2287,162.43268210526315
2288,162.43268210526315
2289,162.43268210526315
2290,162.43268210526315
2291,162.43268210526315
2292,162.43268210526315
2293,162.43268210526315
2294,162.43268210526315
2295,162.43268210526315
2296,162.43268210526315
2297,162.43268210526315
2298,162.43268210526315
2299,18.250863157894738
2300,18.250863157894738
2301,162.43268210526315
2302,162.43268210526315
2303,162.43268210526315
2304,162.43268210526315
2305,162.43268210526315
2306,162.43268210526315
2307,162.43268210526315
2308,162.43268210526315
2309,162.43268210526315
2310,162.43268210526315
2311,162.43268210526315
2312,162.43268210526315
2313,162.43268210526315
2314,162.43268210526315
2315,162.43268210526315
2316,162.43268210526315
2317,162.43268210526315
2318,162.43268210526315
2319,162.43268210526315
2320,162.43268210526315
2321,162.43268210526315
2322,162.43268210526315
2323,18.250863157894738
2324,18.250863157894738
2325,162.43268210526315
2326,162.43268210526315
2327,162.43268210526315
2328,0
2329,0
2330,0
2331,0
2332,0
2333,0
2334,0
2335,0
2336,0
2337,0
2338,0
2339,0
2340,0
2341,0
2342,0
2343,0
2344,0
2345,0
2346,0
2347,0
2348,0
2349,0
2350,0
2351,0
2352,162.43268210526315
2353,162.43268210526315
2354,162.43268210526315
2355,162.43268210526315
2356,162.43268210526315
2357,162.43268210526315
2358,162.43268210526315
2359,162.43268210526315
2360,162.43268210526315
2361,162.43268210526315
2362,162.43268210526315
2363,162.43268210526315
2364,162.43268210526315
2365,162.43268210526315
2366,162.43268210526315
2367,162.43268210526315
2368,162.43268210526315
2369,162.43268210526315
2370,162.43268210526315
2371,18.250863157894738
2372,18.250863157894738
2373,162.43268210526315
2374,162.43268210526315
2375,162.43268210526315
2376,162.43268210526315
2377,162.43268210526315
2378,162.43268210526315
2379,162.43268210526315
2380,162.43268210526315
2381,162.43268210526315
2382,162.43268210526315
2383,162.43268210526315
2384,162.43268210526315
2385,162.43268210526315
2386,162.43268210526315
2387,162.43268210526315
2388,162.43268210526315
2389,162.43268210526315
2390,162.43268210526315
2391,162.43268210526315
2392,162.43268210526315
2393,162.43268210526315
2394,162.43268210526315
2395,18.250863157894738
2396,18.250863157894738
2397,162.43268210526315
2398,162.43268210526315
2399,162.43268210526315
2400,162.43268210526315
2401,162.43268210526315
2402,162.43268210526315
2403,162.43268210526315
2404,162.43268210526315
2405,162.43268210526315
2406,162.43268210526315
2407,162.43268210526315
2408,162.43268210526315
2409,162.43268210526315
2410,162.43268210526315
2411,162.43268210526315
2412,162.43268210526315
2413,162.43268210526315
2414,162.43268210526315
2415,162.43268210526315
2416,162.43268210526315
2417,162.43268210526315
2418,162.43268210526315
2419,18.250863157894738
2420,18.250863157894738
2421,162.43268210526315
2422,162.43268210526315
2423,162.43268210526315
2424,162.43268210526315
2425,162.43268210526315
2426,162.43268210526315
2427,162.43268210526315
2428,162.43268210526315
2429,162.43268210526315
2430,162.43268210526315
2431,162.43268210526315
2432,162.43268210526315
2433,162.43268210526315
2434,162.43268210526315
2435,162.43268210526315
2436,162.43268210526315
2437,162.43268210526315
2438,162.43268210526315
2439,162.43268210526315
2440,162.43268210526315
2441,162.43268210526315
2442,162.43268210526315
2443,18.250863157894738
2444,18.250863157894738
2445,162.43268210526315
2446,162.43268210526315
2447,162.43268210526315
2448,162.43268210526315
2449,162.43268210526315
2450,162.43268210526315
2451,162.43268210526315
2452,162.43268210526315
2453,162.43268210526315
2454,162.43268210526315
2455,162.43268210526315
2456,162.43268210526315
2457,162.43268210526315
2458,162.43268210526315
2459,162.43268210526315
2460,162.43268210526315
2461,162.43268210526315
2462,162.43268210526315
2463,162.43268210526315
2464,162.43268210526315
2465,162.43268210526315
2466,162.43268210526315
2467,18.250863157894738
2468,18.250863157894738
2469,162.43268210526315
2470,162.43268210526315
2471,162.43268210526315
2472,162.43268210526315
2473,162.43268210526315
2474,162.43268210526315
2475,162.43268210526315
2476,162.43268210526315
2477,162.43268210526315
2478,162.43268210526315
2479,162.43268210526315
2480,162.43268210526315
2481,162.43268210526315
2482,162.43268210526315
2483,162.43268210526315
2484,162.43268210526315
2485,162.43268210526315
2486,162.43268210526315
2487,162.43268210526315
2488,162.43268210526315
2489,162.43268210526315
2490,162.43268210526315
2491,18.250863157894738
2492,18.250863157894738
2493,162.43268210526315
2494,162.43268210526315
2495,162.43268210526315
2496,0
2497,0
2498,0
2499,0
2500,0
2501,0
2502,0
2503,0
2504,0
2505,0
2506,0
2507,0
2508,0
2509,0
2510,0
2511,0
2512,0
2513,0
2514,0
2515,0
2516,0
2517,0
2518,0
2519,0
2520,162.43268210526315
2521,162.43268210526315
2522,162.43268210526315
2523,162.43268210526315
2524,162.43268210526315
2525,162.43268210526315
2526,162.43268210526315
2527,162.43268210526315
2528,162.43268210526315
2529,162.43268210526315
2530,162.43268210526315
2531,162.43268210526315
2532,162.43268210526315
2533,162.43268210526315
2534,162.43268210526315
2535,162.43268210526315
2536,162.43268210526315
2537,162.43268210526315
2538,162.43268210526315
2539,18.250863157894738
2540,18.250863157894738
2541,162.43268210526315
2542,162.43268210526315
2543,162.43268210526315
2544,162.43268210526315
2545,162.43268210526315
2546,162.43268210526315
2547,162.43268210526315
2548,162.43268210526315
2549,162.43268210526315
2550,162.43268210526315
2551,162.43268210526315
2552,162.43268210526315
2553,162.43268210526315
2554,162.43268210526315
2555,162.43268210526315
2556,162.43268210526315
2557,162.43268210526315
2558,162.43268210526315
2559,162.43268210526315
2560,162.43268210526315
2561,162.43268210526315
2562,162.43268210526315
2563,18.250863157894738
2564,18.250863157894738
2565,162.43268210526315
2566,162.43268210526315
2567,162.43268210526315
2568,162.43268210526315
2569,162.43268210526315
2570,162.43268210526315
2571,162.43268210526315
2572,162.43268210526315
2573,162.43268210526315
2574,162.43268210526315
2575,162.43268210526315
2576,162.43268210526315
2577,162.43268210526315
2578,162.43268210526315
2579,162.43268210526315
2580,162.43268210526315
2581,162.43268210526315
2582,162.43268210526315
2583,162.43268210526315
2584,162.43268210526315
2585,162.43268210526315
2586,162.43268210526315
2587,18.250863157894738
2588,18.250863157894738
2589,162.43268210526315
2590,162.43268210526315
2591,162.43268210526315
2592,162.43268210526315
2593,162.43268210526315
2594,162.43268210526315
2595,162.43268210526315
2596,162.43268210526315
2597,162.43268210526315
2598,162.43268210526315
2599,162.43268210526315
2600,162.43268210526315
2601,162.43268210526315
2602,162.43268210526315
2603,162.43268210526315
2604,162.43268210526315
2605,162.43268210526315
2606,162.43268210526315
2607,162.43268210526315
2608,162.43268210526315
2609,162.43268210526315
2610,162.43268210526315
2611,18.250863157894738
2612,18.250863157894738
2613,162.43268210526315
2614,162.43268210526315
2615,162.43268210526315
2616,162.43268210526315
2617,162.43268210526315
2618,162.43268210526315
2619,162.43268210526315
2620,162.43268210526315
2621,162.43268210526315
2622,162.43268210526315
2623,162.43268210526315
2624,162.43268210526315
2625,162.43268210526315
2626,162.43268210526315
2627,162.43268210526315
2628,162.43268210526315
2629,162.43268210526315
2630,162.43268210526315
2631,162.43268210526315
2632,162.43268210526315
2633,162.43268210526315
2634,162.43268210526315
2635,18.250863157894738
2636,18.250863157894738
2637,162.43268210526315
2638,162.43268210526315
2639,162.43268210526315
2640,162.43268210526315
2641,162.43268210526315
2642,162.43268210526315
2643,162.43268210526315
2644,162.43268210526315
2645,162.43268210526315
2646,162.43268210526315
2647,162.43268210526315
2648,162.43268210526315
2649,162.43268210526315
2650,162.43268210526315
2651,162.43268210526315
2652,162.43268210526315
2653,162.43268210526315
2654,162.43268210526315
2655,162.43268210526315
2656,162.43268210526315
2657,162.43268210526315
2658,162.43268210526315
2659,18.250863157894738
2660,18.250863157894738
2661,162.43268210526315
2662,162.43268210526315
2663,162.43268210526315
2664,0
2665,0
2666,0
2667,0
2668,0
2669,0
2670,0
2671,0
2672,0
2673,0
2674,0
2675,0
2676,0
2677,0
2678,0
2679,0
2680,0
2681,0
2682,0
2683,0
2684,0
2685,0
2686,0
2687,0
2688,162.43268210526315
2689,162.43268210526315
2690,162.43268210526315
2691,162.43268210526315
2692,162.43268210526315
2693,162.43268210526315
2694,162.43268210526315
2695,162.43268210526315
2696,162.43268210526315
2697,162.43268210526315
2698,162.43268210526315
2699,162.43268210526315
2700,162.43268210526315
2701,162.43268210526315
2702,162.43268210526315
2703,162.43268210526315
2704,162.43268210526315
2705,162.43268210526315
2706,162.43268210526315
2707,18.250863157894738
2708,18.250863157894738
2709,162.43268210526315
2710,162.43268210526315
2711,162.43268210526315
2712,162.43268210526315
2713,162.43268210526315
2714,162.43268210526315
2715,162.43268210526315
2716,162.43268210526315
2717,162.43268210526315
2718,162.43268210526315
2719,162.43268210526315
2720,162.43268210526315
2721,162.43268210526315
2722,162.43268210526315
2723,162.43268210526315
2724,162.43268210526315
2725,162.43268210526315
2726,162.43268210526315
2727,162.43268210526315
2728,162.43268210526315
2729,162.43268210526315
2730,162.43268210526315
2731,18.250863157894738
2732,18.250863157894738
2733,162.43268210526315
2734,162.43268210526315
2735,162.43268210526315
2736,162.43268210526315
2737,162.43268210526315
2738,162.43268210526315
2739,162.43268210526315
2740,162.43268210526315
2741,162.43268210526315
2742,162.43268210526315
2743,162.43268210526315
2744,162.43268210526315
2745,162.43268210526315
2746,162.43268210526315
2747,162.43268210526315
2748,162.43268210526315
2749,162.43268210526315
2750,162.43268210526315
2751,162.43268210526315
2752,162.43268210526315
2753,162.43268210526315
2754,162.43268210526315
2755,18.250863157894738
2756,18.250863157894738
2757,162.43268210526315
2758,162.43268210526315
2759,162.43268210526315
2760,162.43268210526315
2761,162.43268210526315
2762,162.43268210526315
2763,162.43268210526315
2764,162.43268210526315
2765,162.43268210526315
2766,162.43268210526315
2767,162.43268210526315
2768,162.43268210526315
2769,162.43268210526315
2770,162.43268210526315
2771,162.43268210526315
2772,162.43268210526315
2773,162.43268210526315
2774,162.43268210526315
2775,162.43268210526315
2776,162.43268210526315
2777,162.43268210526315
2778,162.43268210526315
2779,18.250863157894738
2780,18.250863157894738
2781,162.43268210526315
2782,162.43268210526315
2783,162.43268210526315
2784,162.43268210526315
2785,162.43268210526315
2786,162.43268210526315
2787,162.43268210526315
2788,162.43268210526315
2789,162.43268210526315
2790,162.43268210526315
2791,162.43268210526315
2792,162.43268210526315
2793,162.43268210526315
2794,162.43268210526315
2795,162.43268210526315
2796,162.43268210526315
2797,162.43268210526315
2798,162.43268210526315
2799,162.43268210526315
2800,162.43268210526315
2801,162.43268210526315
2802,162.43268210526315
2803,18.250863157894738
2804,18.250863157894738
2805,162.43268210526315
2806,162.43268210526315
2807,162.43268210526315
2808,162.43268210526315
2809,162.43268210526315
2810,162.43268210526315
2811,162.43268210526315
2812,162.43268210526315
2813,162.43268210526315
2814,162.43268210526315
2815,162.43268210526315
2816,162.43268210526315
2817,162.43268210526315
2818,162.43268210526315
2819,162.43268210526315
2820,162.43268210526315
2821,162.43268210526315
2822,162.43268210526315
2823,162.43268210526315
2824,162.43268210526315
2825,162.43268210526315
2826,162.43268210526315
2827,18.250863157894738
2828,18.250863157894738
2829,162.43268210526315
2830,162.43268210526315
2831,162.43268210526315
2832,0
2833,0
2834,0
2835,0
2836,0
2837,0
2838,0
2839,0
2840,0
2841,0
2842,0
2843,0
2844,0
2845,0
2846,0
2847,0
2848,0
2849,0
2850,0
2851,0
2852,0
2853,0
2854,0
2855,0
2856,162.43268210526315
2857,162.43268210526315
2858,162.43268210526315
2859,162.43268210526315
2860,162.43268210526315
2861,162.43268210526315
2862,162.43268210526315
2863,162.43268210526315
2864,162.43268210526315
2865,162.43268210526315
2866,162.43268210526315
2867,162.43268210526315
2868,162.43268210526315
2869,162.43268210526315
2870,162.43268210526315
2871,162.43268210526315
2872,162.43268210526315
2873,162.43268210526315
2874,162.43268210526315
2875,18.250863157894738
2876,18.250863157894738
2877,162.43268210526315
2878,162.43268210526315
2879,162.43268210526315
2880,162.43268210526315
2881,162.43268210526315
2882,162.43268210526315
2883,162.43268210526315
2884,162.43268210526315
2885,162.43268210526315
2886,162.43268210526315
2887,162.43268210526315
2888,162.43268210526315
2889,162.43268210526315
2890,162.43268210526315
2891,162.43268210526315
2892,162.43268210526315
2893,162.43268210526315
2894,162.43268210526315
2895,162.43268210526315
2896,162.43268210526315
2897,162.43268210526315
2898,162.43268210526315
2899,18.250863157894738
2900,18.250863157894738
2901,162.43268210526315
2902,162.43268210526315
2903,162.43268210526315
2904,162.43268210526315
2905,162.43268210526315
2906,162.43268210526315
2907,162.43268210526315
2908,162.43268210526315
2909,162.43268210526315
2910,162.43268210526315
2911,162.43268210526315
2912,162.43268210526315
2913,162.43268210526315
2914,162.43268210526315
2915,162.43268210526315
2916,162.43268210526315
2917,162.43268210526315
2918,162.43268210526315
2919,162.43268210526315
2920,162.43268210526315
2921,162.43268210526315
2922,162.43268210526315
2923,18.250863157894738
2924,18.250863157894738
2925,162.43268210526315
2926,162.43268210526315
2927,162.43268210526315
2928,162.43268210526315
2929,162.43268210526315
2930,162.43268210526315
2931,162.43268210526315
2932,162.43268210526315
2933,162.43268210526315
2934,162.43268210526315
2935,162.43268210526315
2936,162.43268210526315
2937,162.43268210526315
2938,162.43268210526315
2939,162.43268210526315
2940,162.43268210526315
2941,162.43268210526315
2942,162.43268210526315
2943,162.43268210526315
2944,162.43268210526315
2945,162.43268210526315
2946,162.43268210526315
2947,18.250863157894738
2948,18.250863157894738
2949,162.43268210526315
2950,162.43268210526315
2951,162.43268210526315
2952,162.43268210526315
2953,162.43268210526315
2954,162.43268210526315
2955,162.43268210526315
2956,162.43268210526315
2957,162.43268210526315
2958,162.43268210526315
2959,162.43268210526315
2960,162.43268210526315
2961,162.43268210526315
2962,162.43268210526315
2963,162.43268210526315
2964,162.43268210526315
2965,162.43268210526315
2966,162.43268210526315
2967,162.43268210526315
2968,162.43268210526315
2969,162.43268210526315
2970,162.43268210526315
2971,18.250863157894738
2972,18.250863157894738
2973,162.43268210526315
2974,162.43268210526315
2975,162.43268210526315
2976,162.43268210526315
2977,162.43268210526315
2978,162.43268210526315
2979,162.43268210526315
2980,162.43268210526315
2981,162.43268210526315
2982,162.43268210526315
2983,162.43268210526315
2984,162.43268210526315
2985,162.43268210526315
2986,162.43268210526315
2987,162.43268210526315
2988,162.43268210526315
2989,162.43268210526315
2990,162.43268210526315
2991,162.43268210526315
2992,162.43268210526315
2993,162.43268210526315
2994,162.43268210526315
2995,18.250863157894738
2996,18.250863157894738
2997,162.43268210526315
2998,162.43268210526315
2999,162.43268210526315
3000,0
3001,0
3002,0
3003,0
3004,0
3005,0
3006,0
3007,0
3008,0
3009,0
3010,0
3011,0
3012,0
3013,0
3014,0
3015,0
3016,0
3017,0
3018,0
3019,0
3020,0
3021,0
3022,0
3023,0
3024,162.43268210526315
3025,162.43268210526315
3026,162.43268210526315
3027,162.43268210526315
3028,162.43268210526315
3029,162.43268210526315
3030,162.43268210526315
3031,162.43268210526315
3032,162.43268210526315
3033,162.43268210526315
3034,162.43268210526315
3035,162.43268210526315
3036,162.43268210526315
3037,162.43268210526315
3038,162.43268210526315
3039,162.43268210526315
3040,162.43268210526315
3041,162.43268210526315
3042,162.43268210526315
3043,18.250863157894738
3044,18.250863157894738
3045,162.43268210526315
3046,162.43268210526315
3047,162.43268210526315
3048,162.43268210526315
3049,162.43268210526315
3050,162.43268210526315
3051,162.43268210526315
3052,162.43268210526315
3053,162.43268210526315
3054,162.43268210526315
3055,162.43268210526315
3056,162.43268210526315
3057,162.43268210526315
3058,162.43268210526315
3059,162.43268210526315
3060,162.43268210526315
3061,162.43268210526315
3062,162.43268210526315
3063,162.43268210526315
3064,162.43268210526315
3065,162.43268210526315
3066,162.43268210526315
3067,18.250863157894738
3068,18.250863157894738
3069,162.43268210526315
3070,162.43268210526315
3071,162.43268210526315
3072,162.43268210526315
3073,162.43268210526315
3074,162.43268210526315
3075,162.43268210526315
3076,162.43268210526315
3077,162.43268210526315
3078,162.43268210526315
3079,162.43268210526315
3080,162.43268210526315
3081,162.43268210526315
3082,162.43268210526315
3083,162.43268210526315
3084,162.43268210526315
3085,162.43268210526315
3086,162.43268210526315
3087,162.43268210526315
3088,162.43268210526315
3089,162.43268210526315
3090,162.43268210526315
3091,18.250863157894738
3092,18.250863157894738
3093,162.43268210526315
3094,162.43268210526315
3095,162.43268210526315
3096,162.43268210526315
3097,162.43268210526315
3098,162.43268210526315
3099,162.43268210526315
3100,162.43268210526315
3101,162.43268210526315
3102,162.43268210526315
3103,162.43268210526315
3104,162.43268210526315
3105,162.43268210526315
3106,162.43268210526315
3107,162.43268210526315
3108,162.43268210526315
3109,162.43268210526315
3110,162.43268210526315
3111,162.43268210526315
3112,162.43268210526315
3113,162.43268210526315
3114,162.43268210526315
3115,18.250863157894738
3116,18.250863157894738
3117,162.43268210526315
3118,162.43268210526315
3119,162.43268210526315
3120,162.43268210526315
3121,162.43268210526315
3122,162.43268210526315
3123,162.43268210526315
3124,162.43268210526315
3125,162.43268210526315
3126,162.43268210526315
3127,162.43268210526315
3128,162.43268210526315
3129,162.43268210526315
3130,162.43268210526315
3131,162.43268210526315
3132,162.43268210526315
3133,162.43268210526315
3134,162.43268210526315
3135,162.43268210526315
3136,162.43268210526315
3137,162.43268210526315
3138,162.43268210526315
3139,18.250863157894738
3140,18.250863157894738
3141,162.43268210526315
3142,162.43268210526315
3143,162.43268210526315
3144,162.43268210526315
3145,162.43268210526315
3146,162.43268210526315
3147,162.43268210526315
3148,162.43268210526315
3149,162.43268210526315
3150,162.43268210526315
3151,162.43268210526315
3152,162.43268210526315
3153,162.43268210526315
3154,162.43268210526315
3155,162.43268210526315
3156,162.43268210526315
3157,162.43268210526315
3158,162.43268210526315
3159,162.43268210526315
3160,162.43268210526315
3161,162.43268210526315
3162,162.43268210526315
3163,18.250863157894738
3164,18.250863157894738
3165,162.43268210526315
3166,162.43268210526315
3167,162.43268210526315
3168,0
3169,0
3170,0
3171,0
3172,0
3173,0
3174,0
3175,0
3176,0
3177,0
3178,0
3179,0
3180,0
3181,0
3182,0
3183,0
3184,0
3185,0
3186,0
3187,0
3188,0
3189,0
3190,0
3191,0
3192,162.43268210526315
3193,162.43268210526315
3194,162.43268210526315
3195,162.43268210526315
3196,162.43268210526315
3197,162.43268210526315
3198,162.43268210526315
3199,162.43268210526315
3200,162.43268210526315
3201,162.43268210526315
3202,162.43268210526315
3203,162.43268210526315
3204,162.43268210526315
3205,162.43268210526315
3206,162.43268210526315
3207,162.43268210526315
3208,162.43268210526315
3209,162.43268210526315
3210,162.43268210526315
3211,18.250863157894738
3212,18.250863157894738
3213,162.43268210526315
3214,162.43268210526315
3215,162.43268210526315
3216,162.43268210526315
3217,162.43268210526315
3218,162.43268210526315
3219,162.43268210526315
3220,162.43268210526315
3221,162.43268210526315
3222,162.43268210526315
3223,162.43268210526315
3224,162.43268210526315
3225,162.43268210526315
3226,162.43268210526315
3227,162.43268210526315
3228,162.43268210526315
3229,162.43268210526315
3230,162.43268210526315
3231,162.43268210526315
3232,162.43268210526315
3233,162.43268210526315
3234,162.43268210526315
3235,18.250863157894738
3236,18.250863157894738
3237,162.43268210526315
3238,162.43268210526315
3239,162.43268210526315
3240,162.43268210526315
3241,162.43268210526315
3242,162.43268210526315
3243,162.43268210526315
3244,162.43268210526315
3245,162.43268210526315
3246,162.43268210526315
3247,162.43268210526315
3248,162.43268210526315
3249,162.43268210526315
3250,162.43268210526315
3251,162.43268210526315
3252,162.43268210526315
3253,162.43268210526315
3254,162.43268210526315
3255,162.43268210526315
3256,162.43268210526315
3257,162.43268210526315
3258,162.43268210526315
3259,18.250863157894738
3260,18.250863157894738
3261,162.43268210526315
3262,162.43268210526315
3263,162.43268210526315
3264,162.43268210526315
3265,162.43268210526315
3266,162.43268210526315
3267,162.43268210526315
3268,162.43268210526315
3269,162.43268210526315
3270,162.43268210526315
3271,162.43268210526315
3272,162.43268210526315
3273,162.43268210526315
3274,162.43268210526315
3275,162.43268210526315
3276,162.43268210526315
3277,162.43268210526315
3278,162.43268210526315
3279,162.43268210526315
3280,162.43268210526315
3281,162.43268210526315
3282,162.43268210526315
3283,18.250863157894738
3284,18.250863157894738
3285,162.43268210526315
3286,162.43268210526315
3287,162.43268210526315
3288,162.43268210526315
3289,162.43268210526315
3290,162.43268210526315
3291,162.43268210526315
3292,162.43268210526315
3293,162.43268210526315
3294,162.43268210526315
3295,162.43268210526315
3296,162.43268210526315
3297,162.43268210526315
3298,162.43268210526315
3299,162.43268210526315
3300,162.43268210526315
3301,162.43268210526315
3302,162.43268210526315
3303,162.43268210526315
3304,162.43268210526315
3305,162.43268210526315
3306,162.43268210526315
3307,18.250863157894738
3308,18.250863157894738
3309,162.43268210526315
3310,162.43268210526315
3311,162.43268210526315
3312,162.43268210526315
3313,162.43268210526315
3314,162.43268210526315
3315,162.43268210526315
3316,162.43268210526315
3317,162.43268210526315
3318,162.43268210526315
3319,162.43268210526315
3320,162.43268210526315
3321,162.43268210526315
3322,162.43268210526315
3323,162.43268210526315
3324,162.43268210526315
3325,162.43268210526315
3326,162.43268210526315
3327,162.43268210526315
3328,162.43268210526315
3329,162.43268210526315
3330,162.43268210526315
3331,18.250863157894738
3332,18.250863157894738
3333,162.43268210526315
3334,162.43268210526315
3335,162.43268210526315
3336,0
3337,0
3338,0
3339,0
3340,0
3341,0
3342,0
3343,0
3344,0
3345,0
3346,0
3347,0
3348,0
3349,0
3350,0
3351,0
3352,0
3353,0
3354,0
3355,0
3356,0
3357,0
3358,0
3359,0
3360,162.43268210526315
3361,162.43268210526315
3362,162.43268210526315
3363,162.43268210526315
3364,162.43268210526315
3365,162.43268210526315
3366,162.43268210526315
3367,162.43268210526315
3368,162.43268210526315
3369,162.43268210526315
3370,162.43268210526315
3371,162.43268210526315
3372,162.43268210526315
3373,162.43268210526315
3374,162.43268210526315
3375,162.43268210526315
3376,162.43268210526315
3377,162.43268210526315
3378,162.43268210526315
3379,18.250863157894738
3380,18.250863157894738
3381,162.43268210526315
3382,162.43268210526315
3383,162.43268210526315
3384,162.43268210526315
3385,162.43268210526315
3386,162.43268210526315
3387,162.43268210526315
3388,162.43268210526315
3389,162.43268210526315
3390,162.43268210526315
3391,162.43268210526315
3392,162.43268210526315
3393,162.43268210526315
3394,162.43268210526315
3395,162.43268210526315
3396,162.43268210526315
3397,162.43268210526315
3398,162.43268210526315
3399,162.43268210526315
3400,162.43268210526315
3401,162.43268210526315
3402,162.43268210526315
3403,18.250863157894738
3404,18.250863157894738
3405,162.43268210526315
3406,162.43268210526315
3407,162.43268210526315
3408,162.43268210526315
3409,162.43268210526315
3410,162.43268210526315
3411,162.43268210526315
3412,162.43268210526315
3413,162.43268210526315
3414,162.43268210526315
3415,162.43268210526315
3416,162.43268210526315
3417,162.43268210526315
3418,162.43268210526315
3419,162.43268210526315
3420,162.43268210526315
3421,162.43268210526315
3422,162.43268210526315
3423,162.43268210526315
3424,162.43268210526315
3425,162.43268210526315
3426,162.43268210526315
3427,18.250863157894738
3428,18.250863157894738
3429,162.43268210526315
3430,162.43268210526315
3431,162.43268210526315
3432,162.43268210526315
3433,162.43268210526315
3434,162.43268210526315
3435,162.43268210526315
3436,162.43268210526315
3437,162.43268210526315
3438,162.43268210526315
3439,162.43268210526315
3440,162.43268210526315
3441,162.43268210526315
3442,162.43268210526315
3443,162.43268210526315
3444,162.43268210526315
3445,162.43268210526315
3446,162.43268210526315
3447,162.43268210526315
3448,162.43268210526315
3449,162.43268210526315
3450,162.43268210526315
3451,18.250863157894738
3452,18.250863157894738
3453,162.43268210526315
3454,162.43268210526315
3455,162.43268210526315
3456,162.43268210526315
3457,162.43268210526315
3458,162.43268210526315
3459,162.43268210526315
3460,162.43268210526315
3461,162.43268210526315
3462,162.43268210526315
3463,162.43268210526315
3464,162.43268210526315
3465,162.43268210526315
3466,162.43268210526315
3467,162.43268210526315
3468,162.43268210526315
3469,162.43268210526315
3470,162.43268210526315
3471,162.43268210526315
3472,162.43268210526315
3473,162.43268210526315
3474,162.43268210526315
3475,18.250863157894738
3476,18.250863157894738
3477,162.43268210526315
3478,162.43268210526315
3479,162.43268210526315
3480,162.43268210526315
3481,162.43268210526315
3482,162.43268210526315
3483,162.43268210526315
3484,162.43268210526315
3485,162.43268210526315
3486,162.43268210526315
3487,162.43268210526315
3488,162.43268210526315
3489,162.43268210526315
3490,162.43268210526315
3491,162.43268210526315
3492,162.43268210526315
3493,162.43268210526315
3494,162.43268210526315
3495,162.43268210526315
3496,162.43268210526315
3497,162.43268210526315
3498,162.43268210526315
3499,18.250863157894738
3500,18.250863157894738
3501,162.43268210526315
3502,162.43268210526315
3503,162.43268210526315
3504,0
3505,0
3506,0
3507,0
3508,0
3509,0
3510,0
3511,0
3512,0
3513,0
3514,0
3515,0
3516,0
3517,0
3518,0
3519,0
3520,0
3521,0
3522,0
3523,0
3524,0
3525,0
3526,0
3527,0
3528,162.43268210526315
3529,162.43268210526315
3530,162.43268210526315
3531,162.43268210526315
3532,162.43268210526315
3533,162.43268210526315
3534,162.43268210526315
3535,162.43268210526315
3536,162.43268210526315
3537,162.43268210526315
3538,162.43268210526315
3539,162.43268210526315
3540,162.43268210526315
3541,162.43268210526315
3542,162.43268210526315
3543,162.43268210526315
3544,162.43268210526315
3545,162.43268210526315
3546,162.43268210526315
3547,18.250863157894738
3548,18.250863157894738
3549,162.43268210526315
3550,162.43268210526315
3551,162.43268210526315
3552,162.43268210526315
3553,162.43268210526315
3554,162.43268210526315
3555,162.43268210526315
3556,162.43268210526315
3557,162.43268210526315
3558,162.43268210526315
3559,162.43268210526315
3560,162.43268210526315
3561,162.43268210526315
3562,162.43268210526315
3563,162.43268210526315
3564,162.43268210526315
3565,162.43268210526315
3566,162.43268210526315
3567,162.43268210526315
3568,162.43268210526315
3569,162.43268210526315
3570,162.43268210526315
3571,18.250863157894738
3572,18.250863157894738
3573,162.43268210526315
3574,162.43268210526315
3575,162.43268210526315
3576,162.43268210526315
3577,162.43268210526315
3578,162.43268210526315
3579,162.43268210526315
3580,162.43268210526315
3581,162.43268210526315
3582,162.43268210526315
3583,162.43268210526315
3584,162.43268210526315
3585,162.43268210526315
3586,162.43268210526315
3587,162.43268210526315
3588,162.43268210526315
3589,162.43268210526315
3590,162.43268210526315
3591,162.43268210526315
3592,162.43268210526315
3593,162.43268210526315
3594,162.43268210526315
3595,18.250863157894738
3596,18.250863157894738
3597,162.43268210526315
3598,162.43268210526315
3599,162.43268210526315
3600,162.43268210526315
3601,162.43268210526315
3602,162.43268210526315
3603,162.43268210526315
3604,162.43268210526315
3605,162.43268210526315
3606,162.43268210526315
3607,162.43268210526315
3608,162.43268210526315
3609,162.43268210526315
3610,162.43268210526315
3611,162.43268210526315
3612,162.43268210526315
3613,162.43268210526315
3614,162.43268210526315
3615,162.43268210526315
3616,162.43268210526315
3617,162.43268210526315
3618,162.43268210526315
3619,18.250863157894738
3620,18.250863157894738
3621,162.43268210526315
3622,162.43268210526315
3623,162.43268210526315
3624,162.43268210526315
3625,162.43268210526315
3626,162.43268210526315
3627,162.43268210526315
3628,162.43268210526315
3629,162.43268210526315
3630,162.43268210526315
3631,162.43268210526315
3632,162.43268210526315
3633,162.43268210526315
3634,162.43268210526315
3635,162.43268210526315
3636,162.43268210526315
3637,162.43268210526315
3638,162.43268210526315
3639,162.43268210526315
3640,162.43268210526315
3641,162.43268210526315
3642,162.43268210526315
3643,18.250863157894738
3644,18.250863157894738
3645,162.43268210526315
3646,162.43268210526315
3647,162.43268210526315
3648,162.43268210526315
3649,162.43268210526315
3650,162.43268210526315
3651,162.43268210526315
3652,162.43268210526315
3653,162.43268210526315
3654,162.43268210526315
3655,162.43268210526315
3656,162.43268210526315
3657,162.43268210526315
3658,162.43268210526315
3659,162.43268210526315
3660,162.43268210526315
3661,162.43268210526315
3662,162.43268210526315
3663,162.43268210526315
3664,162.43268210526315
3665,162.43268210526315
3666,162.43268210526315
3667,18.250863157894738
3668,18.250863157894738
3669,162.43268210526315
3670,162.43268210526315
3671,162.43268210526315
3672,0
3673,0
3674,0
3675,0
3676,0
3677,0
3678,0
3679,0
3680,0
3681,0
3682,0
3683,0
3684,0
3685,0
3686,0
3687,0
3688,0
3689,0
3690,0
3691,0
3692,0
3693,0
3694,0
3695,0
3696,608.3621052631579
3697,608.3621052631579
3698,608.3621052631579
3699,608.3621052631579
3700,608.3621052631579
3701,608.3621052631579
3702,608.3621052631579
3703,608.3621052631579
3704,608.3621052631579
3705,608.3621052631579
3706,608.3621052631579
3707,608.3621052631579
3708,608.3621052631579
3709,608.3621052631579
3710,608.3621052631579
3711,608.3621052631579
3712,608.3621052631579
3713,608.3621052631579
3714,608.3621052631579
3715,60.836210526315796
3716,60.836210526315796
3717,608.3621052631579
3718,608.3621052631579
3719,608.3621052631579
3720,608.3621052631579
3721,608.3621052631579
3722,608.3621052631579
3723,608.3621052631579
3724,608.3621052631579
3725,608.3621052631579
3726,608.3621052631579
3727,608.3621052631579
3728,608.3621052631579
3729,608.3621052631579
3730,608.3621052631579
3731,608.3621052631579
3732,608.3621052631579
3733,608.3621052631579
3734,608.3621052631579
3735,608.3621052631579
3736,608.3621052631579
3737,608.3621052631579
3738,608.3621052631579
3739,60.836210526315796
3740,60.836210526315796
3741,608.3621052631579
3742,608.3621052631579
3743,608.3621052631579
3744,608.3621052631579
3745,608.3621052631579
3746,608.3621052631579
3747,608.3621052631579
3748,608.3621052631579
3749,608.3621052631579
3750,608.3621052631579
3751,608.3621052631579
3752,608.3621052631579
3753,608.3621052631579
3754,608.3621052631579
3755,608.3621052631579
3756,608.3621052631579
3757,608.3621052631579
3758,608.3621052631579
3759,608.3621052631579
3760,608.3621052631579
3761,608.3621052631579
3762,608.3621052631579
3763,60.836210526315796
3764,60.836210526315796
3765,608.3621052631579
3766,608.3621052631579
3767,608.3621052631579
3768,608.3621052631579
3769,608.3621052631579
3770,608.3621052631579
3771,608.3621052631579
3772,608.3621052631579
3773,608.3621052631579
3774,608.3621052631579
3775,608.3621052631579
3776,608.3621052631579
3777,608.3621052631579
3778,608.3621052631579
3779,608.3621052631579
3780,608.3621052631579
3781,608.3621052631579
3782,608.3621052631579
3783,608.3621052631579
3784,608.3621052631579
3785,608.3621052631579
3786,608.3621052631579
3787,60.836210526315796
3788,60.836210526315796
3789,608.3621052631579
3790,608.3621052631579
3791,608.3621052631579
3792,608.3621052631579
3793,608.3621052631579
3794,608.3621052631579
3795,608.3621052631579
3796,608.3621052631579
3797,608.3621052631579
3798,608.3621052631579
3799,608.3621052631579
3800,608.3621052631579
3801,608.3621052631579
3802,608.3621052631579
3803,608.3621052631579
3804,608.3621052631579
3805,608.3621052631579
3806,608.3621052631579
3807,608.3621052631579
3808,608.3621052631579
3809,608.3621052631579
3810,608.3621052631579
3811,60.836210526315796
3812,60.836210526315796
3813,608.3621052631579
3814,608.3621052631579
3815,608.3621052631579
3816,608.3621052631579
3817,608.3621052631579
3818,608.3621052631579
3819,608.3621052631579
3820,608.3621052631579
3821,608.3621052631579
3822,608.3621052631579
3823,608.3621052631579
3824,608.3621052631579
3825,608.3621052631579
3826,608.3621052631579
3827,608.3621052631579
3828,608.3621052631579
3829,608.3621052631579
3830,608.3621052631579
3831,608.3621052631579
3832,608.3621052631579
3833,608.3621052631579
3834,608.3621052631579
3835,60.836210526315796
3836,60.836210526315796
3837,608.3621052631579
3838,608.3621052631579
3839,608.3621052631579
3840,608.3621052631579
3841,608.3621052631579
3842,608.3621052631579
3843,608.3621052631579
3844,608.3621052631579
3845,608.3621052631579
3846,608.3621052631579
3847,608.3621052631579
3848,608.3621052631579
3849,608.3621052631579
3850,608.3621052631579
3851,608.3621052631579
3852,608.3621052631579
3853,608.3621052631579
3854,608.3621052631579
3855,608.3621052631579
3856,608.3621052631579
3857,608.3621052631579
3858,608.3621052631579
3859,60.836210526315796
3860,60.836210526315796
3861,608.3621052631579
3862,608.3621052631579
3863,608.3621052631579
3864,608.3621052631579
3865,608.3621052631579
3866,608.3621052631579
3867,608.3621052631579
3868,608.3621052631579
3869,608.3621052631579
3870,608.3621052631579
3871,608.3621052631579
3872,608.3621052631579
3873,608.3621052631579
3874,608.3621052631579
3875,608.3621052631579
3876,608.3621052631579
3877,608.3621052631579
3878,608.3621052631579
3879,608.3621052631579
3880,608.3621052631579
3881,608.3621052631579
3882,608.3621052631579
3883,60.836210526315796
3884,60.836210526315796
3885,608.3621052631579
3886,608.3621052631579
3887,608.3621052631579
3888,608.3621052631579
3889,608.3621052631579
3890,608.3621052631579
3891,608.3621052631579
3892,608.3621052631579
3893,608.3621052631579
3894,608.3621052631579
3895,608.3621052631579
3896,608.3621052631579
3897,608.3621052631579
3898,608.3621052631579
3899,608.3621052631579
3900,608.3621052631579
3901,608.3621052631579
3902,608.3621052631579
3903,608.3621052631579
3904,608.3621052631579
3905,608.3621052631579
3906,608.3621052631579
3907,60.836210526315796
3908,60.836210526315796
3909,608.3621052631579
3910,608.3621052631579
3911,608.3621052631579
3912,608.3621052631579
3913,608.3621052631579
3914,608.3621052631579
3915,608.3621052631579
3916,608.3621052631579
3917,608.3621052631579
3918,608.3621052631579
3919,608.3621052631579
3920,608.3621052631579
3921,608.3621052631579
3922,608.3621052631579
3923,608.3621052631579
3924,608.3621052631579
3925,608.3621052631579
3926,608.3621052631579
3927,608.3621052631579
3928,608.3621052631579
3929,608.3621052631579
3930,608.3621052631579
3931,60.836210526315796
3932,60.836210526315796
3933,608.3621052631579
3934,608.3621052631579
3935,608.3621052631579
3936,608.3621052631579
3937,608.3621052631579
3938,608.3621052631579
3939,608.3621052631579
3940,608.3621052631579
3941,608.3621052631579
3942,608.3621052631579
3943,608.3621052631579
3944,608.3621052631579
3945,608.3621052631579
3946,608.3621052631579
3947,608.3621052631579
3948,608.3621052631579
3949,608.3621052631579
3950,608.3621052631579
3951,608.3621052631579
3952,608.3621052631579
3953,608.3621052631579
3954,608.3621052631579
3955,60.836210526315796
3956,60.836210526315796
3957,608.3621052631579
3958,608.3621052631579
3959,608.3621052631579
3960,608.3621052631579
3961,608.3621052631579
3962,608.3621052631579
3963,608.3621052631579
3964,608.3621052631579
3965,608.3621052631579
3966,608.3621052631579
3967,608.3621052631579
3968,608.3621052631579
3969,608.3621052631579
3970,608.3621052631579
3971,608.3621052631579
3972,608.3621052631579
3973,608.3621052631579
3974,608.3621052631579
3975,608.3621052631579
3976,608.3621052631579
3977,608.3621052631579
3978,608.3621052631579
3979,60.836210526315796
3980,60.836210526315796
3981,608.3621052631579
3982,608.3621052631579
3983,608.3621052631579
3984,608.3621052631579
3985,608.3621052631579
3986,608.3621052631579
3987,608.3621052631579
3988,608.3621052631579
3989,608.3621052631579
3990,608.3621052631579
3991,608.3621052631579
3992,608.3621052631579
3993,608.3621052631579
3994,608.3621052631579
3995,608.3621052631579
3996,608.3621052631579
3997,608.3621052631579
3998,608.3621052631579
3999,608.3621052631579
4000,608.3621052631579
4001,608.3621052631579
4002,608.3621052631579
4003,60.836210526315796
4004,60.836210526315796
4005,608.3621052631579
4006,608.3621052631579
4007,608.3621052631579
4008,608.3621052631579
4009,608.3621052631579
4010,608.3621052631579
4011,608.3621052631579
4012,608.3621052631579
4013,608.3621052631579
4014,608.3621052631579
4015,608.3621052631579
4016,608.3621052631579
4017,608.3621052631579
4018,608.3621052631579
4019,608.3621052631579
4020,608.3621052631579
4021,608.3621052631579
4022,608.3621052631579
4023,608.3621052631579
4024,608.3621052631579
4025,608.3621052631579
4026,608.3621052631579
4027,60.836210526315796
4028,60.836210526315796
4029,608.3621052631579
4030,608.3621052631579
4031,608.3621052631579
4032,608.3621052631579
4033,608.3621052631579
4034,608.3621052631579
4035,608.3621052631579
4036,608.3621052631579
4037,608.3621052631579
4038,608.3621052631579
4039,608.3621052631579
4040,608.3621052631579
4041,608.3621052631579
4042,608.3621052631579
4043,608.3621052631579
4044,608.3621052631579
4045,608.3621052631579
4046,608.3621052631579
4047,608.3621052631579
4048,608.3621052631579
4049,608.3621052631579
4050,608.3621052631579
4051,60.836210526315796
4052,60.836210526315796
4053,608.3621052631579
4054,608.3621052631579
4055,608.3621052631579
4056,608.3621052631579
4057,608.3621052631579
4058,608.3621052631579
4059,608.3621052631579
4060,608.3621052631579
4061,608.3621052631579
4062,608.3621052631579
4063,608.3621052631579
4064,608.3621052631579
4065,608.3621052631579
4066,608.3621052631579
4067,608.3621052631579
4068,608.3621052631579
4069,608.3621052631579
4070,608.3621052631579
4071,608.3621052631579
4072,608.3621052631579
4073,608.3621052631579
4074,608.3621052631579
4075,60.836210526315796
4076,60.836210526315796
4077,608.3621052631579
4078,608.3621052631579
4079,608.3621052631579
4080,608.3621052631579
4081,608.3621052631579
4082,608.3621052631579
4083,608.3621052631579
4084,608.3621052631579
4085,608.3621052631579
4086,608.3621052631579
4087,608.3621052631579
4088,608.3621052631579
4089,608.3621052631579
4090,608.3621052631579
4091,608.3621052631579
4092,608.3621052631579
4093,608.3621052631579
4094,608.3621052631579
4095,608.3621052631579
4096,608.3621052631579
4097,608.3621052631579
4098,608.3621052631579
4099,60.836210526315796
4100,60.836210526315796
4101,608.3621052631579
4102,608.3621052631579
4103,608.3621052631579
4104,608.3621052631579
4105,608.3621052631579
4106,608.3621052631579
4107,608.3621052631579
4108,608.3621052631579
4109,608.3621052631579
4110,608.3621052631579
4111,608.3621052631579
4112,608.3621052631579
4113,608.3621052631579
4114,608.3621052631579
4115,608.3621052631579
4116,608.3621052631579
4117,608.3621052631579
4118,608.3621052631579
4119,608.3621052631579
4120,608.3621052631579
4121,608.3621052631579
4122,608.3621052631579
4123,60.836210526315796
4124,60.836210526315796
4125,608.3621052631579
4126,608.3621052631579
4127,608.3621052631579
4128,608.3621052631579
4129,608.3621052631579
4130,608.3621052631579
4131,608.3621052631579
4132,608.3621052631579
4133,608.3621052631579
4134,608.3621052631579
4135,608.3621052631579
4136,608.3621052631579
4137,608.3621052631579
4138,608.3621052631579
4139,608.3621052631579
4140,608.3621052631579
4141,608.3621052631579
4142,608.3621052631579
4143,608.3621052631579
4144,608.3621052631579
4145,608.3621052631579
4146,608.3621052631579
4147,60.836210526315796
4148,60.836210526315796
4149,608.3621052631579
4150,608.3621052631579
4151,608.3621052631579
4152,608.3621052631579
4153,608.3621052631579
4154,608.3621052631579
4155,608.3621052631579
4156,608.3621052631579
4157,608.3621052631579
4158,608.3621052631579
4159,608.3621052631579
4160,608.3621052631579
4161,608.3621052631579
4162,608.3621052631579
4163,608.3621052631579
4164,608.3621052631579
4165,608.3621052631579
4166,608.3621052631579
4167,608.3621052631579
4168,608.3621052631579
4169,608.3621052631579
4170,608.3621052631579
4171,60.836210526315796
4172,60.836210526315796
4173,608.3621052631579
4174,608.3621052631579
4175,608.3621052631579
4176,608.3621052631579
4177,608.3621052631579
4178,608.3621052631579
4179,608.3621052631579
4180,608.3621052631579
4181,608.3621052631579
4182,608.3621052631579
4183,608.3621052631579
4184,608.3621052631579
4185,608.3621052631579
4186,608.3621052631579
4187,608.3621052631579
4188,608.3621052631579
4189,608.3621052631579
4190,608.3621052631579
4191,608.3621052631579
4192,608.3621052631579
4193,608.3621052631579
4194,608.3621052631579
4195,60.836210526315796
4196,60.836210526315796
4197,608.3621052631579
4198,608.3621052631579
4199,608.3621052631579
4200,608.3621052631579
4201,608.3621052631579
4202,608.3621052631579
4203,608.3621052631579
4204,608.3621052631579
4205,608.3621052631579
4206,608.3621052631579
4207,608.3621052631579
4208,608.3621052631579
4209,608.3621052631579
4210,608.3621052631579
4211,608.3621052631579
4212,608.3621052631579
4213,608.3621052631579
4214,608.3621052631579
4215,608.3621052631579
4216,608.3621052631579
4217,608.3621052631579
4218,608.3621052631579
4219,60.836210526315796
4220,60.836210526315796
4221,608.3621052631579
4222,608.3621052631579
4223,608.3621052631579
4224,608.3621052631579
4225,608.3621052631579
4226,608.3621052631579
4227,608.3621052631579
4228,608.3621052631579
4229,608.3621052631579
4230,608.3621052631579
4231,608.3621052631579
4232,608.3621052631579
4233,608.3621052631579
4234,608.3621052631579
4235,608.3621052631579
4236,608.3621052631579
4237,608.3621052631579
4238,608.3621052631579
4239,608.3621052631579
4240,608.3621052631579
4241,608.3621052631579
4242,608.3621052631579
4243,60.836210526315796
4244,60.836210526315796
4245,608.3621052631579
4246,608.3621052631579
4247,608.3621052631579
4248,608.3621052631579
4249,608.3621052631579
4250,608.3621052631579
4251,608.3621052631579
4252,608.3621052631579
4253,608.3621052631579
4254,608.3621052631579
4255,608.3621052631579
4256,608.3621052631579
4257,608.3621052631579
4258,608.3621052631579
4259,608.3621052631579
4260,608.3621052631579
4261,608.3621052631579
4262,608.3621052631579
4263,608.3621052631579
4264,608.3621052631579
4265,608.3621052631579
4266,608.3621052631579
4267,60.836210526315796
4268,60.836210526315796
4269,608.3621052631579
4270,608.3621052631579
4271,608.3621052631579
4272,608.3621052631579
4273,608.3621052631579
4274,608.3621052631579
4275,608.3621052631579
4276,608.3621052631579
4277,608.3621052631579
4278,608.3621052631579
4279,608.3621052631579
4280,608.3621052631579
4281,608.3621052631579
4282,608.3621052631579
4283,608.3621052631579
4284,608.3621052631579
4285,608.3621052631579
4286,608.3621052631579
4287,608.3621052631579
4288,608.3621052631579
4289,608.3621052631579
4290,608.3621052631579
4291,60.836210526315796
4292,60.836210526315796
4293,608.3621052631579
4294,608.3621052631579
4295,608.3621052631579
4296,608.3621052631579
4297,608.3621052631579
4298,608.3621052631579
4299,608.3621052631579
4300,608.3621052631579
4301,608.3621052631579
4302,608.3621052631579
4303,608.3621052631579
4304,608.3621052631579
4305,608.3621052631579
4306,608.3621052631579
4307,608.3621052631579
4308,608.3621052631579
4309,608.3621052631579
4310,608.3621052631579
4311,608.3621052631579
4312,608.3621052631579
4313,608.3621052631579
4314,608.3621052631579
4315,60.836210526315796
4316,60.836210526315796
4317,608.3621052631579
4318,608.3621052631579
4319,608.3621052631579
4320,608.3621052631579
4321,608.3621052631579
4322,608.3621052631579
4323,608.3621052631579
4324,608.3621052631579
4325,608.3621052631579
4326,608.3621052631579
4327,608.3621052631579
4328,608.3621052631579
4329,608.3621052631579
4330,608.3621052631579
4331,608.3621052631579
4332,608.3621052631579
4333,608.3621052631579
4334,608.3621052631579
4335,608.3621052631579
4336,608.3621052631579
4337,608.3621052631579
4338,608.3621052631579
4339,60.836210526315796
4340,60.836210526315796
4341,608.3621052631579
4342,608.3621052631579
4343,608.3621052631579
4344,608.3621052631579
4345,608.3621052631579
4346,608.3621052631579
4347,608.3621052631579
4348,608.3621052631579
4349,608.3621052631579
4350,608.3621052631579
4351,608.3621052631579
4352,608.3621052631579
4353,608.3621052631579
4354,608.3621052631579
4355,608.3621052631579
4356,608.3621052631579
4357,608.3621052631579
4358,608.3621052631579
4359,608.3621052631579
4360,608.3621052631579
4361,608.3621052631579
4362,608.3621052631579
4363,60.836210526315796
4364,60.836210526315796
4365,608.3621052631579
4366,608.3621052631579
4367,608.3621052631579
4368,162.43268210526315
4369,162.43268210526315
4370,162.43268210526315
4371,162.43268210526315
4372,162.43268210526315
4373,162.43268210526315
4374,162.43268210526315
4375,162.43268210526315
4376,162.43268210526315
4377,162.43268210526315
4378,162.43268210526315
4379,162.43268210526315
4380,162.43268210526315
4381,162.43268210526315
4382,162.43268210526315
4383,162.43268210526315
4384,162.43268210526315
4385,162.43268210526315
4386,162.43268210526315
4387,18.250863157894738
4388,18.250863157894738
4389,162.43268210526315
4390,162.43268210526315
4391,162.43268210526315
4392,162.43268210526315
4393,162.43268210526315
4394,162.43268210526315
4395,162.43268210526315
4396,162.43268210526315
4397,162.43268210526315
4398,162.43268210526315
4399,162.43268210526315
4400,162.43268210526315
4401,162.43268210526315
4402,162.43268210526315
4403,162.43268210526315
4404,162.43268210526315
4405,162.43268210526315
4406,162.43268210526315
4407,162.43268210526315
4408,162.43268210526315
4409,162.43268210526315
4410,162.43268210526315
4411,18.250863157894738
4412,18.250863157894738
4413,162.43268210526315
4414,162.43268210526315
4415,162.43268210526315
4416,162.43268210526315
4417,162.43268210526315
4418,162.43268210526315
4419,162.43268210526315
4420,162.43268210526315
4421,162.43268210526315
4422,162.43268210526315
4423,162.43268210526315
4424,162.43268210526315
4425,162.43268210526315
4426,162.43268210526315
4427,162.43268210526315
4428,162.43268210526315
4429,162.43268210526315
4430,162.43268210526315
4431,162.43268210526315
4432,162.43268210526315
4433,162.43268210526315
4434,162.43268210526315
4435,18.250863157894738
4436,18.250863157894738
4437,162.43268210526315
4438,162.43268210526315
4439,162.43268210526315
4440,162.43268210526315
4441,162.43268210526315
4442,162.43268210526315
4443,162.43268210526315
4444,162.43268210526315
4445,162.43268210526315
4446,162.43268210526315
4447,162.43268210526315
4448,162.43268210526315
4449,162.43268210526315
4450,162.43268210526315
4451,162.43268210526315
4452,162.43268210526315
4453,162.43268210526315
4454,162.43268210526315
4455,162.43268210526315
4456,162.43268210526315
4457,162.43268210526315
4458,162.43268210526315
4459,18.250863157894738
4460,18.250863157894738
4461,162.43268210526315
4462,162.43268210526315
4463,162.43268210526315
4464,162.43268210526315
4465,162.43268210526315
4466,162.43268210526315
4467,162.43268210526315
4468,162.43268210526315
4469,162.43268210526315
4470,162.43268210526315
4471,162.43268210526315
4472,162.43268210526315
4473,162.43268210526315
4474,162.43268210526315
4475,162.43268210526315
4476,162.43268210526315
4477,162.43268210526315
4478,162.43268210526315
4479,162.43268210526315
4480,162.43268210526315
4481,162.43268210526315
4482,162.43268210526315
4483,18.250863157894738
4484,18.250863157894738
4485,162.43268210526315
4486,162.43268210526315
4487,162.43268210526315
4488,162.43268210526315
4489,162.43268210526315
4490,162.43268210526315
4491,162.43268210526315
4492,162.43268210526315
4493,162.43268210526315
4494,162.43268210526315
4495,162.43268210526315
4496,162.43268210526315
4497,162.43268210526315
4498,162.43268210526315
4499,162.43268210526315
4500,162.43268210526315
4501,162.43268210526315
4502,162.43268210526315
4503,162.43268210526315
4504,162.43268210526315
4505,162.43268210526315
4506,162.43268210526315
4507,18.250863157894738
4508,18.250863157894738
4509,162.43268210526315
4510,162.43268210526315
4511,162.43268210526315
4512,0
4513,0
4514,0
4515,0
4516,0
4517,0
4518,0
4519,0
4520,0
4521,0
4522,0
4523,0
4524,0
4525,0
4526,0
4527,0
4528,0
4529,0
4530,0
4531,0
4532,0
4533,0
4534,0
4535,0
4536,162.43268210526315
4537,162.43268210526315
4538,162.43268210526315
4539,162.43268210526315
4540,162.43268210526315
4541,162.43268210526315
4542,162.43268210526315
4543,162.43268210526315
4544,162.43268210526315
4545,162.43268210526315
4546,162.43268210526315
4547,162.43268210526315
4548,162.43268210526315
4549,162.43268210526315
4550,162.43268210526315
4551,162.43268210526315
4552,162.43268210526315
4553,162.43268210526315
4554,162.43268210526315
4555,18.250863157894738
4556,18.250863157894738
4557,162.43268210526315
4558,162.43268210526315
4559,162.43268210526315
4560,162.43268210526315
4561,162.43268210526315
4562,162.43268210526315
4563,162.43268210526315
4564,162.43268210526315
4565,162.43268210526315
4566,162.43268210526315
4567,162.43268210526315
4568,162.43268210526315
4569,162.43268210526315
4570,162.43268210526315
4571,162.43268210526315
4572,162.43268210526315
4573,162.43268210526315
4574,162.43268210526315
4575,162.43268210526315
4576,162.43268210526315
4577,162.43268210526315
4578,162.43268210526315
4579,18.250863157894738
4580,18.250863157894738
4581,162.43268210526315
4582,162.43268210526315
4583,162.43268210526315
4584,162.43268210526315
4585,162.43268210526315
4586,162.43268210526315
4587,162.43268210526315
4588,162.43268210526315
4589,162.43268210526315
4590,162.43268210526315
4591,162.43268210526315
4592,162.43268210526315
4593,162.43268210526315
4594,162.43268210526315
4595,162.43268210526315
4596,162.43268210526315
4597,162.43268210526315
4598,162.43268210526315
4599,162.43268210526315
4600,162.43268210526315
4601,162.43268210526315
4602,162.43268210526315
4603,18.250863157894738
4604,18.250863157894738
4605,162.43268210526315
4606,162.43268210526315
4607,162.43268210526315
4608,162.43268210526315
4609,162.43268210526315
4610,162.43268210526315
4611,162.43268210526315
4612,162.43268210526315
4613,162.43268210526315
4614,162.43268210526315
4615,162.43268210526315
4616,162.43268210526315
4617,162.43268210526315
4618,162.43268210526315
4619,162.43268210526315
4620,162.43268210526315
4621,162.43268210526315
4622,162.43268210526315
4623,162.43268210526315
4624,162.43268210526315
4625,162.43268210526315
4626,162.43268210526315
4627,18.250863157894738
4628,18.250863157894738
4629,162.43268210526315
4630,162.43268210526315
4631,162.43268210526315
4632,162.43268210526315
4633,162.43268210526315
4634,162.43268210526315
4635,162.43268210526315
4636,162.43268210526315
4637,162.43268210526315
4638,162.43268210526315
4639,162.43268210526315
4640,162.43268210526315
4641,162.43268210526315
4642,162.43268210526315
4643,162.43268210526315
4644,162.43268210526315
4645,162.43268210526315
4646,162.43268210526315
4647,162.43268210526315
4648,162.43268210526315
4649,162.43268210526315
4650,162.43268210526315
4651,18.250863157894738
4652,18.250863157894738
4653,162.43268210526315
4654,162.43268210526315
4655,162.43268210526315
4656,162.43268210526315
4657,162.43268210526315
4658,162.43268210526315
4659,162.43268210526315
4660,162.43268210526315
4661,162.43268210526315
4662,162.43268210526315
4663,162.43268210526315
4664,162.43268210526315
4665,162.43268210526315
4666,162.43268210526315
4667,162.43268210526315
4668,162.43268210526315
4669,162.43268210526315
4670,162.43268210526315
4671,162.43268210526315
4672,162.43268210526315
4673,162.43268210526315
4674,162.43268210526315
4675,18.250863157894738
4676,18.250863157894738
4677,162.43268210526315
4678,162.43268210526315
4679,162.43268210526315
4680,0
4681,0
4682,0
4683,0
4684,0
4685,0
4686,0
4687,0
4688,0
4689,0
4690,0
4691,0
4692,0
4693,0
4694,0
4695,0
4696,0
4697,0
4698,0
4699,0
4700,0
4701,0
4702,0
4703,0
4704,162.43268210526315
4705,162.43268210526315
4706,162.43268210526315
4707,162.43268210526315
4708,162.43268210526315
4709,162.43268210526315
4710,162.43268210526315
4711,162.43268210526315
4712,162.43268210526315
4713,162.43268210526315
4714,162.43268210526315
4715,162.43268210526315
4716,162.43268210526315
4717,162.43268210526315
4718,162.43268210526315
4719,162.43268210526315
4720,162.43268210526315
4721,162.43268210526315
4722,162.43268210526315
4723,18.250863157894738
4724,18.250863157894738
4725,162.43268210526315
4726,162.43268210526315
4727,162.43268210526315
4728,162.43268210526315
4729,162.43268210526315
4730,162.43268210526315
4731,162.43268210526315
4732,162.43268210526315
4733,162.43268210526315
4734,162.43268210526315
4735,162.43268210526315
4736,162.43268210526315
4737,162.43268210526315
4738,162.43268210526315
4739,162.43268210526315
4740,162.43268210526315
4741,162.43268210526315
4742,162.43268210526315
4743,162.43268210526315
4744,162.43268210526315
4745,162.43268210526315
4746,162.43268210526315
4747,18.250863157894738
4748,18.250863157894738
4749,162.43268210526315
4750,162.43268210526315
4751,162.43268210526315
4752,162.43268210526315
4753,162.43268210526315
4754,162.43268210526315
4755,162.43268210526315
4756,162.43268210526315
4757,162.43268210526315
4758,162.43268210526315
4759,162.43268210526315
4760,162.43268210526315
4761,162.43268210526315
4762,162.43268210526315
4763,162.43268210526315
4764,162.43268210526315
4765,162.43268210526315
4766,162.43268210526315
4767,162.43268210526315
4768,162.43268210526315
4769,162.43268210526315
4770,162.43268210526315
4771,18.250863157894738
4772,18.250863157894738
4773,162.43268210526315
4774,162.43268210526315
4775,162.43268210526315
4776,162.43268210526315
4777,162.43268210526315
4778,162.43268210526315
4779,162.43268210526315
4780,162.43268210526315
4781,162.43268210526315
4782,162.43268210526315
4783,162.43268210526315
4784,162.43268210526315
4785,162.43268210526315
4786,162.43268210526315
4787,162.43268210526315
4788,162.43268210526315
4789,162.43268210526315
4790,162.43268210526315
4791,162.43268210526315
4792,162.43268210526315
4793,162.43268210526315
4794,162.43268210526315
4795,18.250863157894738
4796,18.250863157894738
4797,162.43268210526315
4798,162.43268210526315
4799,162.43268210526315
4800,162.43268210526315
4801,162.43268210526315
4802,162.43268210526315
4803,162.43268210526315
4804,162.43268210526315
4805,162.43268210526315
4806,162.43268210526315
4807,162.43268210526315
4808,162.43268210526315
4809,162.43268210526315
4810,162.43268210526315
4811,162.43268210526315
4812,162.43268210526315
4813,162.43268210526315
4814,162.43268210526315
4815,162.43268210526315
4816,162.43268210526315
4817,162.43268210526315
4818,162.43268210526315
4819,18.250863157894738
4820,18.250863157894738
4821,162.43268210526315
4822,162.43268210526315
4823,162.43268210526315
4824,162.43268210526315
4825,162.43268210526315
4826,162.43268210526315
4827,162.43268210526315
4828,162.43268210526315
4829,162.43268210526315
4830,162.43268210526315
4831,162.43268210526315
4832,162.43268210526315
4833,162.43268210526315
4834,162.43268210526315
4835,162.43268210526315
4836,162.43268210526315
4837,162.43268210526315
4838,162.43268210526315
4839,162.43268210526315
4840,162.43268210526315
4841,162.43268210526315
4842,162.43268210526315
4843,18.250863157894738
4844,18.250863157894738
4845,162.43268210526315
4846,162.43268210526315
4847,162.43268210526315
4848,0
4849,0
4850,0
4851,0
4852,0
4853,0
4854,0
4855,0
4856,0
4857,0
4858,0
4859,0
4860,0
4861,0
4862,0
4863,0
4864,0
4865,0
4866,0
4867,0
4868,0
4869,0
4870,0
4871,0
4872,162.43268210526315
4873,162.43268210526315
4874,162.43268210526315
4875,162.43268210526315
4876,162.43268210526315
4877,162.43268210526315
4878,162.43268210526315
4879,162.43268210526315
4880,162.43268210526315
4881,162.43268210526315
4882,162.43268210526315
4883,162.43268210526315
4884,162.43268210526315
4885,162.43268210526315
4886,162.43268210526315
4887,162.43268210526315
4888,162.43268210526315
4889,162.43268210526315
4890,162.43268210526315
4891,18.250863157894738
4892,18.250863157894738
4893,162.43268210526315
4894,162.43268210526315
4895,162.43268210526315
4896,162.43268210526315
4897,162.43268210526315
4898,162.43268210526315
4899,162.43268210526315
4900,162.43268210526315
4901,162.43268210526315
4902,162.43268210526315
4903,162.43268210526315
4904,162.43268210526315
4905,162.43268210526315
4906,162.43268210526315
4907,162.43268210526315
4908,162.43268210526315
4909,162.43268210526315
4910,162.43268210526315
4911,162.43268210526315
4912,162.43268210526315
4913,162.43268210526315
4914,162.43268210526315
4915,18.250863157894738
4916,18.250863157894738
4917,162.43268210526315
4918,162.43268210526315
4919,162.43268210526315
4920,162.43268210526315
4921,162.43268210526315
4922,162.43268210526315
4923,162.43268210526315
4924,162.43268210526315
4925,162.43268210526315
4926,162.43268210526315
4927,162.43268210526315
4928,162.43268210526315
4929,162.43268210526315
4930,162.43268210526315
4931,162.43268210526315
4932,162.43268210526315
4933,162.43268210526315
4934,162.43268210526315
4935,162.43268210526315
4936,162.43268210526315
4937,162.43268210526315
4938,162.43268210526315
4939,18.250863157894738
4940,18.250863157894738
4941,162.43268210526315
4942,162.43268210526315
4943,162.43268210526315
4944,162.43268210526315
4945,162.43268210526315
4946,162.43268210526315
4947,162.43268210526315
4948,162.43268210526315
4949,162.43268210526315
4950,162.43268210526315
4951,162.43268210526315
4952,162.43268210526315
4953,162.43268210526315
4954,162.43268210526315
4955,162.43268210526315
4956,162.43268210526315
4957,162.43268210526315
4958,162.43268210526315
4959,162.43268210526315
4960,162.43268210526315
4961,162.43268210526315
4962,162.43268210526315
4963,18.250863157894738
4964,18.250863157894738
4965,162.43268210526315
4966,162.43268210526315
4967,162.43268210526315
4968,162.43268210526315
4969,162.43268210526315
4970,162.43268210526315
4971,162.43268210526315
4972,162.43268210526315
4973,162.43268210526315
4974,162.43268210526315
4975,162.43268210526315
4976,162.43268210526315
4977,162.43268210526315
4978,162.43268210526315
4979,162.43268210526315
4980,162.43268210526315
4981,162.43268210526315
4982,162.43268210526315
4983,162.43268210526315
4984,162.43268210526315
4985,162.43268210526315
4986,162.43268210526315
4987,18.250863157894738
4988,18.250863157894738
4989,162.43268210526315
4990,162.43268210526315
4991,162.43268210526315
4992,162.43268210526315
4993,162.43268210526315
4994,162.43268210526315
4995,162.43268210526315
4996,162.43268210526315
4997,162.43268210526315
4998,162.43268210526315
4999,162.43268210526315
5000,162.43268210526315
5001,162.43268210526315
5002,162.43268210526315
5003,162.43268210526315
5004,162.43268210526315
5005,162.43268210526315
5006,162.43268210526315
5007,162.43268210526315
5008,162.43268210526315
5009,162.43268210526315
5010,162.43268210526315
5011,18.250863157894738
5012,18.250863157894738
5013,162.43268210526315
5014,162.43268210526315
5015,162.43268210526315
5016,0
5017,0
5018,0
5019,0
5020,0
5021,0
5022,0
5023,0
5024,0
5025,0
5026,0
5027,0
5028,0
5029,0
5030,0
5031,0
5032,0
5033,0
5034,0
5035,0
5036,0
5037,0
5038,0
5039,0
5040,162.43268210526315
5041,162.43268210526315
5042,162.43268210526315
5043,162.43268210526315
5044,162.43268210526315
5045,162.43268210526315
5046,162.43268210526315
5047,162.43268210526315
5048,162.43268210526315
5049,162.43268210526315
5050,162.43268210526315
5051,162.43268210526315
5052,162.43268210526315
5053,162.43268210526315
5054,162.43268210526315
5055,162.43268210526315
5056,162.43268210526315
5057,162.43268210526315
5058,162.43268210526315
5059,18.250863157894738
5060,18.250863157894738
5061,162.43268210526315
5062,162.43268210526315
5063,162.43268210526315
5064,162.43268210526315
5065,162.43268210526315
5066,162.43268210526315
5067,162.43268210526315
5068,162.43268210526315
5069,162.43268210526315
5070,162.43268210526315
5071,162.43268210526315
5072,162.43268210526315
5073,162.43268210526315
5074,162.43268210526315
5075,162.43268210526315
5076,162.43268210526315
5077,162.43268210526315
5078,162.43268210526315
5079,162.43268210526315
5080,162.43268210526315
5081,162.43268210526315
5082,162.43268210526315
5083,18.250863157894738
5084,18.250863157894738
5085,162.43268210526315
5086,162.43268210526315
5087,162.43268210526315
5088,162.43268210526315
5089,162.43268210526315
5090,162.43268210526315
5091,162.43268210526315
5092,162.43268210526315
5093,162.43268210526315
5094,162.43268210526315
5095,162.43268210526315
5096,162.43268210526315
5097,162.43268210526315
5098,162.43268210526315
5099,162.43268210526315
5100,162.43268210526315
5101,162.43268210526315
5102,162.43268210526315
5103,162.43268210526315
5104,162.43268210526315
5105,162.43268210526315
5106,162.43268210526315
5107,18.250863157894738
5108,18.250863157894738
5109,162.43268210526315
5110,162.43268210526315
5111,162.43268210526315
5112,162.43268210526315
5113,162.43268210526315
5114,162.43268210526315
5115,162.43268210526315
5116,162.43268210526315
5117,162.43268210526315
5118,162.43268210526315
5119,162.43268210526315
5120,162.43268210526315
5121,162.43268210526315
5122,162.43268210526315
5123,162.43268210526315
5124,162.43268210526315
5125,162.43268210526315
5126,162.43268210526315
5127,162.43268210526315
5128,162.43268210526315
5129,162.43268210526315
5130,162.43268210526315
5131,18.250863157894738
5132,18.250863157894738
5133,162.43268210526315
5134,162.43268210526315
5135,162.43268210526315
5136,162.43268210526315
5137,162.43268210526315
5138,162.43268210526315
5139,162.43268210526315
5140,162.43268210526315
5141,162.43268210526315
5142,162.43268210526315
5143,162.43268210526315
5144,162.43268210526315
5145,162.43268210526315
5146,162.43268210526315
5147,162.43268210526315
5148,162.43268210526315
5149,162.43268210526315
5150,162.43268210526315
5151,162.43268210526315
5152,162.43268210526315
5153,162.43268210526315
5154,162.43268210526315
5155,18.250863157894738
5156,18.250863157894738
5157,162.43268210526315
5158,162.43268210526315
5159,162.43268210526315
5160,162.43268210526315
5161,162.43268210526315
5162,162.43268210526315
5163,162.43268210526315
5164,162.43268210526315
5165,162.43268210526315
5166,162.43268210526315
5167,162.43268210526315
5168,162.43268210526315
5169,162.43268210526315
5170,162.43268210526315
5171,162.43268210526315
5172,162.43268210526315
5173,162.43268210526315
5174,162.43268210526315
5175,162.43268210526315
5176,162.43268210526315
5177,162.43268210526315
5178,162.43268210526315
5179,18.250863157894738
5180,18.250863157894738
5181,162.43268210526315
5182,162.43268210526315
5183,162.43268210526315
5184,0
5185,0
5186,0
5187,0
5188,0
5189,0
5190,0
5191,0
5192,0
5193,0
5194,0
5195,0
5196,0
5197,0
5198,0
5199,0
5200,0
5201,0
5202,0
5203,0
5204,0
5205,0
5206,0
5207,0
5208,162.43268210526315
5209,162.43268210526315
5210,162.43268210526315
5211,162.43268210526315
5212,162.43268210526315
5213,162.43268210526315
5214,162.43268210526315
5215,162.43268210526315
5216,162.43268210526315
5217,162.43268210526315
5218,162.43268210526315
5219,162.43268210526315
5220,162.43268210526315
5221,162.43268210526315
5222,162.43268210526315
5223,162.43268210526315
5224,162.43268210526315
5225,162.43268210526315
5226,162.43268210526315
5227,18.250863157894738
5228,18.250863157894738
5229,162.43268210526315
5230,162.43268210526315
5231,162.43268210526315
5232,162.43268210526315
5233,162.43268210526315
5234,162.43268210526315
5235,162.43268210526315
5236,162.43268210526315
5237,162.43268210526315
5238,162.43268210526315
5239,162.43268210526315
5240,162.43268210526315
5241,162.43268210526315
5242,162.43268210526315
5243,162.43268210526315
5244,162.43268210526315
5245,162.43268210526315
5246,162.43268210526315
5247,162.43268210526315
5248,162.43268210526315
5249,162.43268210526315
5250,162.43268210526315
5251,18.250863157894738
5252,18.250863157894738
5253,162.43268210526315
5254,162.43268210526315
5255,162.43268210526315
5256,162.43268210526315
5257,162.43268210526315
5258,162.43268210526315
5259,162.43268210526315
5260,162.43268210526315
5261,162.43268210526315
5262,162.43268210526315
5263,162.43268210526315
5264,162.43268210526315
5265,162.43268210526315
5266,162.43268210526315
5267,162.43268210526315
5268,162.43268210526315
5269,162.43268210526315
5270,162.43268210526315
5271,162.43268210526315
5272,162.43268210526315
5273,162.43268210526315
5274,162.43268210526315
5275,18.250863157894738
5276,18.250863157894738
5277,162.43268210526315
5278,162.43268210526315
5279,162.43268210526315
5280,162.43268210526315
5281,162.43268210526315
5282,162.43268210526315
5283,162.43268210526315
5284,162.43268210526315
5285,162.43268210526315
5286,162.43268210526315
5287,162.43268210526315
5288,162.43268210526315
5289,162.43268210526315
5290,162.43268210526315
5291,162.43268210526315
5292,162.43268210526315
5293,162.43268210526315
5294,162.43268210526315
5295,162.43268210526315
5296,162.43268210526315
5297,162.43268210526315
5298,162.43268210526315
5299,18.250863157894738
5300,18.250863157894738
5301,162.43268210526315
5302,162.43268210526315
5303,162.43268210526315
5304,162.43268210526315
5305,162.43268210526315
5306,162.43268210526315
5307,162.43268210526315
5308,162.43268210526315
5309,162.43268210526315
5310,162.43268210526315
5311,162.43268210526315
5312,162.43268210526315
5313,162.43268210526315
5314,162.43268210526315
5315,162.43268210526315
5316,162.43268210526315
5317,162.43268210526315
5318,162.43268210526315
5319,162.43268210526315
5320,162.43268210526315
5321,162.43268210526315
5322,162.43268210526315
5323,18.250863157894738
5324,18.250863157894738
5325,162.43268210526315
5326,162.43268210526315
5327,162.43268210526315
5328,162.43268210526315
5329,162.43268210526315
5330,162.43268210526315
5331,162.43268210526315
5332,162.43268210526315
5333,162.43268210526315
5334,162.43268210526315
5335,162.43268210526315
5336,162.43268210526315
5337,162.43268210526315
5338,162.43268210526315
5339,162.43268210526315
5340,162.43268210526315
5341,162.43268210526315
5342,162.43268210526315
5343,162.43268210526315
5344,162.43268210526315
5345,162.43268210526315
5346,162.43268210526315
5347,18.250863157894738
5348,18.250863157894738
5349,162.43268210526315
5350,162.43268210526315
5351,162.43268210526315
5352,0
5353,0
5354,0
5355,0
5356,0
5357,0
5358,0
5359,0
5360,0
5361,0
5362,0
5363,0
5364,0
5365,0
5366,0
5367,0
5368,0
5369,0
5370,0
5371,0
5372,0
5373,0
5374,0
5375,0
5376,162.43268210526315
5377,162.43268210526315
5378,162.43268210526315
5379,162.43268210526315
5380,162.43268210526315
5381,162.43268210526315
5382,162.43268210526315
5383,162.43268210526315
5384,162.43268210526315
5385,162.43268210526315
5386,162.43268210526315
5387,162.43268210526315
5388,162.43268210526315
5389,162.43268210526315
5390,162.43268210526315
5391,162.43268210526315
5392,162.43268210526315
5393,162.43268210526315
5394,162.43268210526315
5395,18.250863157894738
5396,18.250863157894738
5397,162.43268210526315
5398,162.43268210526315
5399,162.43268210526315
5400,162.43268210526315
5401,162.43268210526315
5402,162.43268210526315
5403,162.43268210526315
5404,162.43268210526315
5405,162.43268210526315
5406,162.43268210526315
5407,162.43268210526315
5408,162.43268210526315
5409,162.43268210526315
5410,162.43268210526315
5411,162.43268210526315
5412,162.43268210526315
5413,162.43268210526315
5414,162.43268210526315
5415,162.43268210526315
5416,162.43268210526315
5417,162.43268210526315
5418,162.43268210526315
5419,18.250863157894738
5420,18.250863157894738
5421,162.43268210526315
5422,162.43268210526315
5423,162.43268210526315
5424,162.43268210526315
5425,162.43268210526315
5426,162.43268210526315
5427,162.43268210526315
5428,162.43268210526315
5429,162.43268210526315
5430,162.43268210526315
5431,162.43268210526315
5432,162.43268210526315
5433,162.43268210526315
5434,162.43268210526315
5435,162.43268210526315
5436,162.43268210526315
5437,162.43268210526315
5438,162.43268210526315
5439,162.43268210526315
5440,162.43268210526315
5441,162.43268210526315
5442,162.43268210526315
5443,18.250863157894738
5444,18.250863157894738
5445,162.43268210526315
5446,162.43268210526315
5447,162.43268210526315
5448,162.43268210526315
5449,162.43268210526315
5450,162.43268210526315
5451,162.43268210526315
5452,162.43268210526315
5453,162.43268210526315
5454,162.43268210526315
5455,162.43268210526315
5456,162.43268210526315
5457,162.43268210526315
5458,162.43268210526315
5459,162.43268210526315
5460,162.43268210526315
5461,162.43268210526315
5462,162.43268210526315
5463,162.43268210526315
5464,162.43268210526315
5465,162.43268210526315
5466,162.43268210526315
5467,18.250863157894738
5468,18.250863157894738
5469,162.43268210526315
5470,162.43268210526315
5471,162.43268210526315
5472,162.43268210526315
5473,162.43268210526315
5474,162.43268210526315
5475,162.43268210526315
5476,162.43268210526315
5477,162.43268210526315
5478,162.43268210526315
5479,162.43268210526315
5480,162.43268210526315
5481,162.43268210526315
5482,162.43268210526315
5483,162.43268210526315
5484,162.43268210526315
5485,162.43268210526315
5486,162.43268210526315
5487,162.43268210526315
5488,162.43268210526315
5489,162.43268210526315
5490,162.43268210526315
5491,18.250863157894738
5492,18.250863157894738
5493,162.43268210526315
5494,162.43268210526315
5495,162.43268210526315
5496,162.43268210526315
5497,162.43268210526315
5498,162.43268210526315
5499,162.43268210526315
5500,162.43268210526315
5501,162.43268210526315
5502,162.43268210526315
5503,162.43268210526315
5504,162.43268210526315
5505,162.43268210526315
5506,162.43268210526315
5507,162.43268210526315
5508,162.43268210526315
5509,162.43268210526315
5510,162.43268210526315
5511,162.43268210526315
5512,162.43268210526315
5513,162.43268210526315
5514,162.43268210526315
5515,18.250863157894738
5516,18.250863157894738
5517,162.43268210526315
5518,162.43268210526315
5519,162.43268210526315
5520,0
5521,0
5522,0
5523,0
5524,0
5525,0
5526,0
5527,0
5528,0
5529,0
5530,0
5531,0
5532,0
5533,0
5534,0
5535,0
5536,0
5537,0
5538,0
5539,0
5540,0
5541,0
5542,0
5543,0
5544,162.43268210526315
5545,162.43268210526315
5546,162.43268210526315
5547,162.43268210526315
5548,162.43268210526315
5549,162.43268210526315
5550,162.43268210526315
5551,162.43268210526315
5552,162.43268210526315
5553,162.43268210526315
5554,162.43268210526315
5555,162.43268210526315
5556,162.43268210526315
5557,162.43268210526315
5558,162.43268210526315
5559,162.43268210526315
5560,162.43268210526315
5561,162.43268210526315
5562,162.43268210526315
5563,18.250863157894738
5564,18.250863157894738
5565,162.43268210526315
5566,162.43268210526315
5567,162.43268210526315
5568,162.43268210526315
5569,162.43268210526315
5570,162.43268210526315
5571,162.43268210526315
5572,162.43268210526315
5573,162.43268210526315
5574,162.43268210526315
5575,162.43268210526315
5576,162.43268210526315
5577,162.43268210526315
5578,162.43268210526315
5579,162.43268210526315
5580,162.43268210526315
5581,162.43268210526315
5582,162.43268210526315
5583,162.43268210526315
5584,162.43268210526315
5585,162.43268210526315
5586,162.43268210526315
5587,18.250863157894738
5588,18.250863157894738
5589,162.43268210526315
5590,162.43268210526315
5591,162.43268210526315
5592,162.43268210526315
5593,162.43268210526315
5594,162.43268210526315
5595,162.43268210526315
5596,162.43268210526315
5597,162.43268210526315
5598,162.43268210526315
5599,162.43268210526315
5600,162.43268210526315
5601,162.43268210526315
5602,162.43268210526315
5603,162.43268210526315
5604,162.43268210526315
5605,162.43268210526315
5606,162.43268210526315
5607,162.43268210526315
5608,162.43268210526315
5609,162.43268210526315
5610,162.43268210526315
5611,18.250863157894738
5612,18.250863157894738
5613,162.43268210526315
5614,162.43268210526315
5615,162.43268210526315
5616,162.43268210526315
5617,162.43268210526315
5618,162.43268210526315
5619,162.43268210526315
5620,162.43268210526315
5621,162.43268210526315
5622,162.43268210526315
5623,162.43268210526315
5624,162.43268210526315
5625,162.43268210526315
5626,162.43268210526315
5627,162.43268210526315
5628,162.43268210526315
5629,162.43268210526315
5630,162.43268210526315
5631,162.43268210526315
5632,162.43268210526315
5633,162.43268210526315
5634,162.43268210526315
5635,18.250863157894738
5636,18.250863157894738
5637,162.43268210526315
5638,162.43268210526315
5639,162.43268210526315
5640,162.43268210526315
5641,162.43268210526315
5642,162.43268210526315
5643,162.43268210526315
5644,162.43268210526315
5645,162.43268210526315
5646,162.43268210526315
5647,162.43268210526315
5648,162.43268210526315
5649,162.43268210526315
5650,162.43268210526315
5651,162.43268210526315
5652,162.43268210526315
5653,162.43268210526315
5654,162.43268210526315
5655,162.43268210526315
5656,162.43268210526315
5657,162.43268210526315
5658,162.43268210526315
5659,18.250863157894738
5660,18.250863157894738
5661,162.43268210526315
5662,162.43268210526315
5663,162.43268210526315
5664,162.43268210526315
5665,162.43268210526315
5666,162.43268210526315
5667,162.43268210526315
5668,162.43268210526315
5669,162.43268210526315
5670,162.43268210526315
5671,162.43268210526315
5672,162.43268210526315
5673,162.43268210526315
5674,162.43268210526315
5675,162.43268210526315
5676,162.43268210526315
5677,162.43268210526315
5678,162.43268210526315
5679,162.43268210526315
5680,162.43268210526315
5681,162.43268210526315
5682,162.43268210526315
5683,18.250863157894738
5684,18.250863157894738
5685,162.43268210526315
5686,162.43268210526315
5687,162.43268210526315
5688,0
5689,0
5690,0
5691,0
5692,0
5693,0
5694,0
5695,0
5696,0
5697,0
5698,0
5699,0
5700,0
5701,0
5702,0
5703,0
5704,0
5705,0
5706,0
5707,0
5708,0
5709,0
5710,0
5711,0
5712,162.43268210526315
5713,162.43268210526315
5714,162.43268210526315
5715,162.43268210526315
5716,162.43268210526315
5717,162.43268210526315
5718,162.43268210526315
5719,162.43268210526315
5720,162.43268210526315
5721,162.43268210526315
5722,162.43268210526315
5723,162.43268210526315
5724,162.43268210526315
5725,162.43268210526315
5726,162.43268210526315
5727,162.43268210526315
5728,162.43268210526315
5729,162.43268210526315
5730,162.43268210526315
5731,18.250863157894738
5732,18.250863157894738
5733,162.43268210526315
5734,162.43268210526315
5735,162.43268210526315
5736,162.43268210526315
5737,162.43268210526315
5738,162.43268210526315
5739,162.43268210526315
5740,162.43268210526315
5741,162.43268210526315
5742,162.43268210526315
5743,162.43268210526315
5744,162.43268210526315
5745,162.43268210526315
5746,162.43268210526315
5747,162.43268210526315
5748,162.43268210526315
5749,162.43268210526315
5750,162.43268210526315
5751,162.43268210526315
5752,162.43268210526315
5753,162.43268210526315
5754,162.43268210526315
5755,18.250863157894738
5756,18.250863157894738
5757,162.43268210526315
5758,162.43268210526315
5759,162.43268210526315
5760,162.43268210526315
5761,162.43268210526315
5762,162.43268210526315
5763,162.43268210526315
5764,162.43268210526315
5765,162.43268210526315
5766,162.43268210526315
5767,162.43268210526315
5768,162.43268210526315
5769,162.43268210526315
5770,162.43268210526315
5771,162.43268210526315
5772,162.43268210526315
5773,162.43268210526315
5774,162.43268210526315
5775,162.43268210526315
5776,162.43268210526315
5777,162.43268210526315
5778,162.43268210526315
5779,18.250863157894738
5780,18.250863157894738
5781,162.43268210526315
5782,162.43268210526315
5783,162.43268210526315
5784,162.43268210526315
5785,162.43268210526315
5786,162.43268210526315
5787,162.43268210526315
5788,162.43268210526315
5789,162.43268210526315
5790,162.43268210526315
5791,162.43268210526315
5792,162.43268210526315
5793,162.43268210526315
5794,162.43268210526315
5795,162.43268210526315
5796,162.43268210526315
5797,162.43268210526315
5798,162.43268210526315
5799,162.43268210526315
5800,162.43268210526315
5801,162.43268210526315
5802,162.43268210526315
5803,18.250863157894738
5804,18.250863157894738
5805,162.43268210526315
5806,162.43268210526315
5807,162.43268210526315
5808,162.43268210526315
5809,162.43268210526315
5810,162.43268210526315
5811,162.43268210526315
5812,162.43268210526315
5813,162.43268210526315
5814,162.43268210526315
5815,162.43268210526315
5816,162.43268210526315
5817,162.43268210526315
5818,162.43268210526315
5819,162.43268210526315
5820,162.43268210526315
5821,162.43268210526315
5822,162.43268210526315
5823,162.43268210526315
5824,162.43268210526315
5825,162.43268210526315
5826,162.43268210526315
5827,18.250863157894738
5828,18.250863157894738
5829,162.43268210526315
5830,162.43268210526315
5831,162.43268210526315
5832,162.43268210526315
5833,162.43268210526315
5834,162.43268210526315
5835,162.43268210526315
5836,162.43268210526315
5837,162.43268210526315
5838,162.43268210526315
5839,162.43268210526315
5840,162.43268210526315
5841,162.43268210526315
5842,162.43268210526315
5843,162.43268210526315
5844,162.43268210526315
5845,162.43268210526315
5846,162.43268210526315
5847,162.43268210526315
5848,162.43268210526315
5849,162.43268210526315
5850,162.43268210526315
5851,18.250863157894738
5852,18.250863157894738
5853,162.43268210526315
5854,162.43268210526315
5855,162.43268210526315
5856,0
5857,0
5858,0
5859,0
5860,0
5861,0
5862,0
5863,0
5864,0
5865,0
5866,0
5867,0
5868,0
5869,0
5870,0
5871,0
5872,0
5873,0
5874,0
5875,0
5876,0
5877,0
5878,0
5879,0
5880,162.43268210526315
5881,162.43268210526315
5882,162.43268210526315
5883,162.43268210526315
5884,162.43268210526315
5885,162.43268210526315
5886,162.43268210526315
5887,162.43268210526315
5888,162.43268210526315
5889,162.43268210526315
5890,162.43268210526315
5891,162.43268210526315
5892,162.43268210526315
5893,162.43268210526315
5894,162.43268210526315
5895,162.43268210526315
5896,162.43268210526315
5897,162.43268210526315
5898,162.43268210526315
5899,18.250863157894738
5900,18.250863157894738
5901,162.43268210526315
5902,162.43268210526315
5903,162.43268210526315
5904,162.43268210526315
5905,162.43268210526315
5906,162.43268210526315
5907,162.43268210526315
5908,162.43268210526315
5909,162.43268210526315
5910,162.43268210526315
5911,162.43268210526315
5912,162.43268210526315
5913,162.43268210526315
5914,162.43268210526315
5915,162.43268210526315
5916,162.43268210526315
5917,162.43268210526315
5918,162.43268210526315
5919,162.43268210526315
5920,162.43268210526315
5921,162.43268210526315
5922,162.43268210526315
5923,18.250863157894738
5924,18.250863157894738
5925,162.43268210526315
5926,162.43268210526315
5927,162.43268210526315
5928,162.43268210526315
5929,162.43268210526315
5930,162.43268210526315
5931,162.43268210526315
5932,162.43268210526315
5933,162.43268210526315
5934,162.43268210526315
5935,162.43268210526315
5936,162.43268210526315
5937,162.43268210526315
5938,162.43268210526315
5939,162.43268210526315
5940,162.43268210526315
5941,162.43268210526315
5942,162.43268210526315
5943,162.43268210526315
5944,162.43268210526315
5945,162.43268210526315
5946,162.43268210526315
5947,18.250863157894738
5948,18.250863157894738
5949,162.43268210526315
5950,162.43268210526315
5951,162.43268210526315
5952,162.43268210526315
5953,162.43268210526315
5954,162.43268210526315
5955,162.43268210526315
5956,162.43268210526315
5957,162.43268210526315
5958,162.43268210526315
5959,162.43268210526315
5960,162.43268210526315
5961,162.43268210526315
5962,162.43268210526315
5963,162.43268210526315
5964,162.43268210526315
5965,162.43268210526315
5966,162.43268210526315
5967,162.43268210526315
5968,162.43268210526315
5969,162.43268210526315
5970,162.43268210526315
5971,18.250863157894738
5972,18.250863157894738
5973,162.43268210526315
5974,162.43268210526315
5975,162.43268210526315
5976,162.43268210526315
5977,162.43268210526315
5978,162.43268210526315
5979,162.43268210526315
5980,162.43268210526315
5981,162.43268210526315
5982,162.43268210526315
5983,162.43268210526315
5984,162.43268210526315
5985,162.43268210526315
5986,162.43268210526315
5987,162.43268210526315
5988,162.43268210526315
5989,162.43268210526315
5990,162.43268210526315
5991,162.43268210526315
5992,162.43268210526315
5993,162.43268210526315
5994,162.43268210526315
5995,18.250863157894738
5996,18.250863157894738
5997,162.43268210526315
5998,162.43268210526315
5999,162.43268210526315
6000,162.43268210526315
6001,162.43268210526315
6002,162.43268210526315
6003,162.43268210526315
6004,162.43268210526315
6005,162.43268210526315
6006,162.43268210526315
6007,162.43268210526315
6008,162.43268210526315
6009,162.43268210526315
6010,162.43268210526315
6011,162.43268210526315
6012,162.43268210526315
6013,162.43268210526315
6014,162.43268210526315
6015,162.43268210526315
6016,162.43268210526315
6017,162.43268210526315
6018,162.43268210526315
6019,18.250863157894738
6020,18.250863157894738
6021,162.43268210526315
6022,162.43268210526315
6023,162.43268210526315
6024,0
6025,0
6026,0
6027,0
6028,0
6029,0
6030,0
6031,0
6032,0
6033,0
6034,0
6035,0
6036,0
6037,0
6038,0
6039,0
6040,0
6041,0
6042,0
6043,0
6044,0
6045,0
6046,0
6047,0
6048,162.43268210526315
6049,162.43268210526315
6050,162.43268210526315
6051,162.43268210526315
6052,162.43268210526315
6053,162.43268210526315
6054,162.43268210526315
6055,162.43268210526315
6056,162.43268210526315
6057,162.43268210526315
6058,162.43268210526315
6059,162.43268210526315
6060,162.43268210526315
6061,162.43268210526315
6062,162.43268210526315
6063,162.43268210526315
6064,162.43268210526315
6065,162.43268210526315
6066,162.43268210526315
6067,18.250863157894738
6068,18.250863157894738
6069,162.43268210526315
6070,162.43268210526315
6071,162.43268210526315
6072,162.43268210526315
6073,162.43268210526315
6074,162.43268210526315
6075,162.43268210526315
6076,162.43268210526315
6077,162.43268210526315
6078,162.43268210526315
6079,162.43268210526315
6080,162.43268210526315
6081,162.43268210526315
6082,162.43268210526315
6083,162.43268210526315
6084,162.43268210526315
6085,162.43268210526315
6086,162.43268210526315
6087,162.43268210526315
6088,162.43268210526315
6089,162.43268210526315
6090,162.43268210526315
6091,18.250863157894738
6092,18.250863157894738
6093,162.43268210526315
6094,162.43268210526315
6095,162.43268210526315
6096,162.43268210526315
6097,162.43268210526315
6098,162.43268210526315
6099,162.43268210526315
6100,162.43268210526315
6101,162.43268210526315
6102,162.43268210526315
6103,162.43268210526315
6104,162.43268210526315
6105,162.43268210526315
6106,162.43268210526315
6107,162.43268210526315
6108,162.43268210526315
6109,162.43268210526315
6110,162.43268210526315
6111,162.43268210526315
6112,162.43268210526315
6113,162.43268210526315
6114,162.43268210526315
6115,18.250863157894738
6116,18.250863157894738
6117,162.43268210526315
6118,162.43268210526315
6119,162.43268210526315
6120,162.43268210526315
6121,162.43268210526315
6122,162.43268210526315
6123,162.43268210526315
6124,162.43268210526315
6125,162.43268210526315
6126,162.43268210526315
6127,162.43268210526315
6128,162.43268210526315
6129,162.43268210526315
6130,162.43268210526315
6131,162.43268210526315
6132,162.43268210526315
6133,162.43268210526315
6134,162.43268210526315
6135,162.43268210526315
6136,162.43268210526315
6137,162.43268210526315
6138,162.43268210526315
6139,18.250863157894738
6140,18.250863157894738
6141,162.43268210526315
6142,162.43268210526315
6143,162.43268210526315
6144,162.43268210526315
6145,162.43268210526315
6146,162.43268210526315
6147,162.43268210526315
6148,162.43268210526315
6149,162.43268210526315
6150,162.43268210526315
6151,162.43268210526315
6152,162.43268210526315
6153,162.43268210526315
6154,162.43268210526315
6155,162.43268210526315
6156,162.43268210526315
6157,162.43268210526315
6158,162.43268210526315
6159,162.43268210526315
6160,162.43268210526315
6161,162.43268210526315
6162,162.43268210526315
6163,18.250863157894738
6164,18.250863157894738
6165,162.43268210526315
6166,162.43268210526315
6167,162.43268210526315
6168,162.43268210526315
6169,162.43268210526315
6170,162.43268210526315
6171,162.43268210526315
6172,162.43268210526315
6173,162.43268210526315
6174,162.43268210526315
6175,162.43268210526315
6176,162.43268210526315
6177,162.43268210526315
6178,162.43268210526315
6179,162.43268210526315
6180,162.43268210526315
6181,162.43268210526315
6182,162.43268210526315
6183,162.43268210526315
6184,162.43268210526315
6185,162.43268210526315
6186,162.43268210526315
6187,18.250863157894738
6188,18.250863157894738
6189,162.43268210526315
6190,162.43268210526315
6191,162.43268210526315
6192,0
6193,0
6194,0
6195,0
6196,0
6197,0
6198,0
6199,0
6200,0
6201,0
6202,0
6203,0
6204,0
6205,0
6206,0
6207,0
6208,0
6209,0
6210,0
6211,0
6212,0
6213,0
6214,0
6215,0
6216,162.43268210526315
6217,162.43268210526315
6218,162.43268210526315
6219,162.43268210526315
6220,162.43268210526315
6221,162.43268210526315
6222,162.43268210526315
6223,162.43268210526315
6224,162.43268210526315
6225,162.43268210526315
6226,162.43268210526315
6227,162.43268210526315
6228,162.43268210526315
6229,162.43268210526315
6230,162.43268210526315
6231,162.43268210526315
6232,162.43268210526315
6233,162.43268210526315
6234,162.43268210526315
6235,18.250863157894738
6236,18.250863157894738
6237,162.43268210526315
6238,162.43268210526315
6239,162.43268210526315
6240,162.43268210526315
6241,162.43268210526315
6242,162.43268210526315
6243,162.43268210526315
6244,162.43268210526315
6245,162.43268210526315
6246,162.43268210526315
6247,162.43268210526315
6248,162.43268210526315
6249,162.43268210526315
6250,162.43268210526315
6251,162.43268210526315
6252,162.43268210526315
6253,162.43268210526315
6254,162.43268210526315
6255,162.43268210526315
6256,162.43268210526315
6257,162.43268210526315
6258,162.43268210526315
6259,18.250863157894738
6260,18.250863157894738
6261,162.43268210526315
6262,162.43268210526315
6263,162.43268210526315
6264,162.43268210526315
6265,162.43268210526315
6266,162.43268210526315
6267,162.43268210526315
6268,162.43268210526315
6269,162.43268210526315
6270,162.43268210526315
6271,162.43268210526315
6272,162.43268210526315
6273,162.43268210526315
6274,162.43268210526315
6275,162.43268210526315
6276,162.43268210526315
6277,162.43268210526315
6278,162.43268210526315
6279,162.43268210526315
6280,162.43268210526315
6281,162.43268210526315
6282,162.43268210526315
6283,18.250863157894738
6284,18.250863157894738
6285,162.43268210526315
6286,162.43268210526315
6287,162.43268210526315
6288,162.43268210526315
6289,162.43268210526315
6290,162.43268210526315
6291,162.43268210526315
6292,162.43268210526315
6293,162.43268210526315
6294,162.43268210526315
6295,162.43268210526315
6296,162.43268210526315
6297,162.43268210526315
6298,162.43268210526315
6299,162.43268210526315
6300,162.43268210526315
6301,162.43268210526315
6302,162.43268210526315
6303,162.43268210526315
6304,162.43268210526315
6305,162.43268210526315
6306,162.43268210526315
6307,18.250863157894738
6308,18.250863157894738
6309,162.43268210526315
6310,162.43268210526315
6311,162.43268210526315
6312,162.43268210526315
6313,162.43268210526315
6314,162.43268210526315
6315,162.43268210526315
6316,162.43268210526315
6317,162.43268210526315
6318,162.43268210526315
6319,162.43268210526315
6320,162.43268210526315
6321,162.43268210526315
6322,162.43268210526315
6323,162.43268210526315
6324,162.43268210526315
6325,162.43268210526315
6326,162.43268210526315
6327,162.43268210526315
6328,162.43268210526315
6329,162.43268210526315
6330,162.43268210526315
6331,18.250863157894738
6332,18.250863157894738
6333,162.43268210526315
6334,162.43268210526315
6335,162.43268210526315
6336,162.43268210526315
6337,162.43268210526315
6338,162.43268210526315
6339,162.43268210526315
6340,162.43268210526315
6341,162.43268210526315
6342,162.43268210526315
6343,162.43268210526315
6344,162.43268210526315
6345,162.43268210526315
6346,162.43268210526315
6347,162.43268210526315
6348,162.43268210526315
6349,162.43268210526315
6350,162.43268210526315
6351,162.43268210526315
6352,162.43268210526315
6353,162.43268210526315
6354,162.43268210526315
6355,18.250863157894738
6356,18.250863157894738
6357,162.43268210526315
6358,162.43268210526315
6359,162.43268210526315
6360,0
6361,0
6362,0
6363,0
6364,0
6365,0
6366,0
6367,0
6368,0
6369,0
6370,0
6371,0
6372,0
6373,0
6374,0
6375,0
6376,0
6377,0
6378,0
6379,0
6380,0
6381,0
6382,0
6383,0
6384,162.43268210526315
6385,162.43268210526315
6386,162.43268210526315
6387,162.43268210526315
6388,162.43268210526315
6389,162.43268210526315
6390,162.43268210526315
6391,162.43268210526315
6392,162.43268210526315
6393,162.43268210526315
6394,162.43268210526315
6395,162.43268210526315
6396,162.43268210526315
6397,162.43268210526315
6398,162.43268210526315
6399,162.43268210526315
6400,162.43268210526315
6401,162.43268210526315
6402,162.43268210526315
6403,18.250863157894738
6404,18.250863157894738
6405,162.43268210526315
6406,162.43268210526315
6407,162.43268210526315
6408,162.43268210526315
6409,162.43268210526315
6410,162.43268210526315
6411,162.43268210526315
6412,162.43268210526315
6413,162.43268210526315
6414,162.43268210526315
6415,162.43268210526315
6416,162.43268210526315
6417,162.43268210526315
6418,162.43268210526315
6419,162.43268210526315
6420,162.43268210526315
6421,162.43268210526315
6422,162.43268210526315
6423,162.43268210526315
6424,162.43268210526315
6425,162.43268210526315
6426,162.43268210526315
6427,18.250863157894738
6428,18.250863157894738
6429,162.43268210526315
6430,162.43268210526315
6431,162.43268210526315
6432,162.43268210526315
6433,162.43268210526315
6434,162.43268210526315
6435,162.43268210526315
6436,162.43268210526315
6437,162.43268210526315
6438,162.43268210526315
6439,162.43268210526315
6440,162.43268210526315
6441,162.43268210526315
6442,162.43268210526315
6443,162.43268210526315
6444,162.43268210526315
6445,162.43268210526315
6446,162.43268210526315
6447,162.43268210526315
6448,162.43268210526315
6449,162.43268210526315
6450,162.43268210526315
6451,18.250863157894738
6452,18.250863157894738
6453,162.43268210526315
6454,162.43268210526315
6455,162.43268210526315
6456,162.43268210526315
6457,162.43268210526315
6458,162.43268210526315
6459,162.43268210526315
6460,162.43268210526315
6461,162.43268210526315
6462,162.43268210526315
6463,162.43268210526315
6464,162.43268210526315
6465,162.43268210526315
6466,162.43268210526315
6467,162.43268210526315
6468,162.43268210526315
6469,162.43268210526315
6470,162.43268210526315
6471,162.43268210526315
6472,162.43268210526315
6473,162.43268210526315
6474,162.43268210526315
6475,18.250863157894738
6476,18.250863157894738
6477,162.43268210526315
6478,162.43268210526315
6479,162.43268210526315
6480,162.43268210526315
6481,162.43268210526315
6482,162.43268210526315
6483,162.43268210526315
6484,162.43268210526315
6485,162.43268210526315
6486,162.43268210526315
6487,162.43268210526315
6488,162.43268210526315
6489,162.43268210526315
6490,162.43268210526315
6491,162.43268210526315
6492,162.43268210526315
6493,162.43268210526315
6494,162.43268210526315
6495,162.43268210526315
6496,162.43268210526315
6497,162.43268210526315
6498,162.43268210526315
6499,18.250863157894738
6500,18.250863157894738
6501,162.43268210526315
6502,162.43268210526315
6503,162.43268210526315
6504,162.43268210526315
6505,162.43268210526315
6506,162.43268210526315
6507,162.43268210526315
6508,162.43268210526315
6509,162.43268210526315
6510,162.43268210526315
6511,162.43268210526315
6512,162.43268210526315
6513,162.43268210526315
6514,162.43268210526315
6515,162.43268210526315
6516,162.43268210526315
6517,162.43268210526315
6518,162.43268210526315
6519,162.43268210526315
6520,162.43268210526315
6521,162.43268210526315
6522,162.43268210526315
6523,18.250863157894738
6524,18.250863157894738
6525,162.43268210526315
6526,162.43268210526315
6527,162.43268210526315
6528,0
6529,0
6530,0
6531,0
6532,0
6533,0
6534,0
6535,0
6536,0
6537,0
6538,0
6539,0
6540,0
6541,0
6542,0
6543,0
6544,0
6545,0
6546,0
6547,0
6548,0
6549,0
6550,0
6551,0
6552,162.43268210526315
6553,162.43268210526315
6554,162.43268210526315
6555,162.43268210526315
6556,162.43268210526315
6557,162.43268210526315
6558,162.43268210526315
6559,162.43268210526315
6560,162.43268210526315
6561,162.43268210526315
6562,162.43268210526315
6563,162.43268210526315
6564,162.43268210526315
6565,162.43268210526315
6566,162.43268210526315
6567,162.43268210526315
6568,162.43268210526315
6569,162.43268210526315
6570,162.43268210526315
6571,18.250863157894738
6572,18.250863157894738
6573,162.43268210526315
6574,162.43268210526315
6575,162.43268210526315
6576,162.43268210526315
6577,162.43268210526315
6578,162.43268210526315
6579,162.43268210526315
6580,162.43268210526315
6581,162.43268210526315
6582,162.43268210526315
6583,162.43268210526315
6584,162.43268210526315
6585,162.43268210526315
6586,162.43268210526315
6587,162.43268210526315
6588,162.43268210526315
6589,162.43268210526315
6590,162.43268210526315
6591,162.43268210526315
6592,162.43268210526315
6593,162.43268210526315
6594,162.43268210526315
6595,18.250863157894738
6596,18.250863157894738
6597,162.43268210526315
6598,162.43268210526315
6599,162.43268210526315
6600,162.43268210526315
6601,162.43268210526315
6602,162.43268210526315
6603,162.43268210526315
6604,162.43268210526315
6605,162.43268210526315
6606,162.43268210526315
6607,162.43268210526315
6608,162.43268210526315
6609,162.43268210526315
6610,162.43268210526315
6611,162.43268210526315
6612,162.43268210526315
6613,162.43268210526315
6614,162.43268210526315
6615,162.43268210526315
6616,162.43268210526315
6617,162.43268210526315
6618,162.43268210526315
6619,18.250863157894738
6620,18.250863157894738
6621,162.43268210526315
6622,162.43268210526315
6623,162.43268210526315
6624,162.43268210526315
6625,162.43268210526315
6626,162.43268210526315
6627,162.43268210526315
6628,162.43268210526315
6629,162.43268210526315
6630,162.43268210526315
6631,162.43268210526315
6632,162.43268210526315
6633,162.43268210526315
6634,162.43268210526315
6635,162.43268210526315
6636,162.43268210526315
6637,162.43268210526315
6638,162.43268210526315
6639,162.43268210526315
6640,162.43268210526315
6641,162.43268210526315
6642,162.43268210526315
6643,18.250863157894738
6644,18.250863157894738
6645,162.43268210526315
6646,162.43268210526315
6647,162.43268210526315
6648,162.43268210526315
6649,162.43268210526315
6650,162.43268210526315
6651,162.43268210526315
6652,162.43268210526315
6653,162.43268210526315
6654,162.43268210526315
6655,162.43268210526315
6656,162.43268210526315
6657,162.43268210526315
6658,162.43268210526315
6659,162.43268210526315
6660,162.43268210526315
6661,162.43268210526315
6662,162.43268210526315
6663,162.43268210526315
6664,162.43268210526315
6665,162.43268210526315
6666,162.43268210526315
6667,18.250863157894738
6668,18.250863157894738
6669,162.43268210526315
6670,162.43268210526315
6671,162.43268210526315
6672,162.43268210526315
6673,162.43268210526315
6674,162.43268210526315
6675,162.43268210526315
6676,162.43268210526315
6677,162.43268210526315
6678,162.43268210526315
6679,162.43268210526315
6680,162.43268210526315
6681,162.43268210526315
6682,162.43268210526315
6683,162.43268210526315
6684,162.43268210526315
6685,162.43268210526315
6686,162.43268210526315
6687,162.43268210526315
6688,162.43268210526315
6689,162.43268210526315
6690,162.43268210526315
6691,18.250863157894738
6692,18.250863157894738
6693,162.43268210526315
6694,162.43268210526315
6695,162.43268210526315
6696,0
6697,0
6698,0
6699,0
6700,0
6701,0
6702,0
6703,0
6704,0
6705,0
6706,0
6707,0
6708,0
6709,0
6710,0
6711,0
6712,0
6713,0
6714,0
6715,0
6716,0
6717,0
6718,0
6719,0
6720,162.43268210526315
6721,162.43268210526315
6722,162.43268210526315
6723,162.43268210526315
6724,162.43268210526315
6725,162.43268210526315
6726,162.43268210526315
6727,162.43268210526315
6728,162.43268210526315
6729,162.43268210526315
6730,162.43268210526315
6731,162.43268210526315
6732,162.43268210526315
6733,162.43268210526315
6734,162.43268210526315
6735,162.43268210526315
6736,162.43268210526315
6737,162.43268210526315
6738,162.43268210526315
6739,18.250863157894738
6740,18.250863157894738
6741,162.43268210526315
6742,162.43268210526315
6743,162.43268210526315
6744,162.43268210526315
6745,162.43268210526315
6746,162.43268210526315
6747,162.43268210526315
6748,162.43268210526315
6749,162.43268210526315
6750,162.43268210526315
6751,162.43268210526315
6752,162.43268210526315
6753,162.43268210526315
6754,162.43268210526315
6755,162.43268210526315
6756,162.43268210526315
6757,162.43268210526315
6758,162.43268210526315
6759,162.43268210526315
6760,162.43268210526315
6761,162.43268210526315
6762,162.43268210526315
6763,18.250863157894738
6764,18.250863157894738
6765,162.43268210526315
6766,162.43268210526315
6767,162.43268210526315
6768,162.43268210526315
6769,162.43268210526315
6770,162.43268210526315
6771,162.43268210526315
6772,162.43268210526315
6773,162.43268210526315
6774,162.43268210526315
6775,162.43268210526315
6776,162.43268210526315
6777,162.43268210526315
6778,162.43268210526315
6779,162.43268210526315
6780,162.43268210526315
6781,162.43268210526315
6782,162.43268210526315
6783,162.43268210526315
6784,162.43268210526315
6785,162.43268210526315
6786,162.43268210526315
6787,18.250863157894738
6788,18.250863157894738
6789,162.43268210526315
6790,162.43268210526315
6791,162.43268210526315
6792,162.43268210526315
6793,162.43268210526315
6794,162.43268210526315
6795,162.43268210526315
6796,162.43268210526315
6797,162.43268210526315
6798,162.43268210526315
6799,162.43268210526315
6800,162.43268210526315
6801,162.43268210526315
6802,162.43268210526315
6803,162.43268210526315
6804,162.43268210526315
6805,162.43268210526315
6806,162.43268210526315
6807,162.43268210526315
6808,162.43268210526315
6809,162.43268210526315
6810,162.43268210526315
6811,18.250863157894738
6812,18.250863157894738
6813,162.43268210526315
6814,162.43268210526315
6815,162.43268210526315
6816,162.43268210526315
6817,162.43268210526315
6818,162.43268210526315
6819,162.43268210526315
6820,162.43268210526315
6821,162.43268210526315
6822,162.43268210526315
6823,162.43268210526315
6824,162.43268210526315
6825,162.43268210526315
6826,162.43268210526315
6827,162.43268210526315
6828,162.43268210526315
6829,162.43268210526315
6830,162.43268210526315
6831,162.43268210526315
6832,162.43268210526315
6833,162.43268210526315
6834,162.43268210526315
6835,18.250863157894738
6836,18.250863157894738
6837,162.43268210526315
6838,162.43268210526315
6839,162.43268210526315
6840,162.43268210526315
6841,162.43268210526315
6842,162.43268210526315
6843,162.43268210526315
6844,162.43268210526315
6845,162.43268210526315
6846,162.43268210526315
6847,162.43268210526315
6848,162.43268210526315
6849,162.43268210526315
6850,162.43268210526315
6851,162.43268210526315
6852,162.43268210526315
6853,162.43268210526315
6854,162.43268210526315
6855,162.43268210526315
6856,162.43268210526315
6857,162.43268210526315
6858,162.43268210526315
6859,18.250863157894738
6860,18.250863157894738
6861,162.43268210526315
6862,162.43268210526315
6863,162.43268210526315
6864,0
6865,0
6866,0
6867,0
6868,0
6869,0
6870,0
6871,0
6872,0
6873,0
6874,0
6875,0
6876,0
6877,0
6878,0
6879,0
6880,0
6881,0
6882,0
6883,0
6884,0
6885,0
6886,0
6887,0
6888,162.43268210526315
6889,162.43268210526315
6890,162.43268210526315
6891,162.43268210526315
6892,162.43268210526315
6893,162.43268210526315
6894,162.43268210526315
6895,162.43268210526315
6896,162.43268210526315
6897,162.43268210526315
6898,162.43268210526315
6899,162.43268210526315
6900,162.43268210526315
6901,162.43268210526315
6902,162.43268210526315
6903,162.43268210526315
6904,162.43268210526315
6905,162.43268210526315
6906,162.43268210526315
6907,18.250863157894738
6908,18.250863157894738
6909,162.43268210526315
6910,162.43268210526315
6911,162.43268210526315
6912,162.43268210526315
6913,162.43268210526315
6914,162.43268210526315
6915,162.43268210526315
6916,162.43268210526315
6917,162.43268210526315
6918,162.43268210526315
6919,162.43268210526315
6920,162.43268210526315
6921,162.43268210526315
6922,162.43268210526315
6923,162.43268210526315
6924,162.43268210526315
6925,162.43268210526315
6926,162.43268210526315
6927,162.43268210526315
6928,162.43268210526315
6929,162.43268210526315
6930,162.43268210526315
6931,18.250863157894738
6932,18.250863157894738
6933,162.43268210526315
6934,162.43268210526315
6935,162.43268210526315
6936,162.43268210526315
6937,162.43268210526315
6938,162.43268210526315
6939,162.43268210526315
6940,162.43268210526315
6941,162.43268210526315
6942,162.43268210526315
6943,162.43268210526315
6944,162.43268210526315
6945,162.43268210526315
6946,162.43268210526315
6947,162.43268210526315
6948,162.43268210526315
6949,162.43268210526315
6950,162.43268210526315
6951,162.43268210526315
6952,162.43268210526315
6953,162.43268210526315
6954,162.43268210526315
6955,18.250863157894738
6956,18.250863157894738
6957,162.43268210526315
6958,162.43268210526315
6959,162.43268210526315
6960,162.43268210526315
6961,162.43268210526315
6962,162.43268210526315
6963,162.43268210526315
6964,162.43268210526315
6965,162.43268210526315
6966,162.43268210526315
6967,162.43268210526315
6968,162.43268210526315
6969,162.43268210526315
6970,162.43268210526315
6971,162.43268210526315
6972,162.43268210526315
6973,162.43268210526315
6974,162.43268210526315
6975,162.43268210526315
6976,162.43268210526315
6977,162.43268210526315
6978,162.43268210526315
6979,18.250863157894738
6980,18.250863157894738
6981,162.43268210526315
6982,162.43268210526315
6983,162.43268210526315
6984,162.43268210526315
6985,162.43268210526315
6986,162.43268210526315
6987,162.43268210526315
6988,162.43268210526315
6989,162.43268210526315
6990,162.43268210526315
6991,162.43268210526315
6992,162.43268210526315
6993,162.43268210526315
6994,162.43268210526315
6995,162.43268210526315
6996,162.43268210526315
6997,162.43268210526315
6998,162.43268210526315
6999,162.43268210526315
7000,162.43268210526315
7001,162.43268210526315
7002,162.43268210526315
7003,18.250863157894738
7004,18.250863157894738
7005,162.43268210526315
7006,162.43268210526315
7007,162.43268210526315
7008,162.43268210526315
7009,162.43268210526315
7010,162.43268210526315
7011,162.43268210526315
7012,162.43268210526315
7013,162.43268210526315
7014,162.43268210526315
7015,162.43268210526315
7016,162.43268210526315
7017,162.43268210526315
7018,162.43268210526315
7019,162.43268210526315
7020,162.43268210526315
7021,162.43268210526315
7022,162.43268210526315
7023,162.43268210526315
7024,162.43268210526315
7025,162.43268210526315
7026,162.43268210526315
7027,18.250863157894738
7028,18.250863157894738
7029,162.43268210526315
7030,162.43268210526315
7031,162.43268210526315
7032,0
7033,0
7034,0
7035,0
7036,0
7037,0
7038,0
7039,0
7040,0
7041,0
7042,0
7043,0
7044,0
7045,0
7046,0
7047,0
7048,0
7049,0
7050,0
7051,0
7052,0
7053,0
7054,0
7055,0
7056,162.43268210526315
7057,162.43268210526315
7058,162.43268210526315
7059,162.43268210526315
7060,162.43268210526315
7061,162.43268210526315
7062,162.43268210526315
7063,162.43268210526315
7064,162.43268210526315
7065,162.43268210526315
7066,162.43268210526315
7067,162.43268210526315
7068,162.43268210526315
7069,162.43268210526315
7070,162.43268210526315
7071,162.43268210526315
7072,162.43268210526315
7073,162.43268210526315
7074,162.43268210526315
7075,18.250863157894738
7076,18.250863157894738
7077,162.43268210526315
7078,162.43268210526315
7079,162.43268210526315
7080,162.43268210526315
7081,162.43268210526315
7082,162.43268210526315
7083,162.43268210526315
7084,162.43268210526315
7085,162.43268210526315
7086,162.43268210526315
7087,162.43268210526315
7088,162.43268210526315
7089,162.43268210526315
7090,162.43268210526315
7091,162.43268210526315
7092,162.43268210526315
7093,162.43268210526315
7094,162.43268210526315
7095,162.43268210526315
7096,162.43268210526315
7097,162.43268210526315
7098,162.43268210526315
7099,18.250863157894738
7100,18.250863157894738
7101,162.43268210526315
7102,162.43268210526315
7103,162.43268210526315
7104,162.43268210526315
7105,162.43268210526315
7106,162.43268210526315
7107,162.43268210526315
7108,162.43268210526315
7109,162.43268210526315
7110,162.43268210526315
7111,162.43268210526315
7112,162.43268210526315
7113,162.43268210526315
7114,162.43268210526315
7115,162.43268210526315
7116,162.43268210526315
7117,162.43268210526315
7118,162.43268210526315
7119,162.43268210526315
7120,162.43268210526315
7121,162.43268210526315
7122,162.43268210526315
7123,18.250863157894738
7124,18.250863157894738
7125,162.43268210526315
7126,162.43268210526315
7127,162.43268210526315
7128,162.43268210526315
7129,162.43268210526315
7130,162.43268210526315
7131,162.43268210526315
7132,162.43268210526315
7133,162.43268210526315
7134,162.43268210526315
7135,162.43268210526315
7136,162.43268210526315
7137,162.43268210526315
7138,162.43268210526315
7139,162.43268210526315
7140,162.43268210526315
7141,162.43268210526315
7142,162.43268210526315
7143,162.43268210526315
7144,162.43268210526315
7145,162.43268210526315
7146,162.43268210526315
7147,18.250863157894738
7148,18.250863157894738
7149,162.43268210526315
7150,162.43268210526315
7151,162.43268210526315
7152,162.43268210526315
7153,162.43268210526315
7154,162.43268210526315
7155,162.43268210526315
7156,162.43268210526315
7157,162.43268210526315
7158,162.43268210526315
7159,162.43268210526315
7160,162.43268210526315
7161,162.43268210526315
7162,162.43268210526315
7163,162.43268210526315
7164,162.43268210526315
7165,162.43268210526315
7166,162.43268210526315
7167,162.43268210526315
7168,162.43268210526315
7169,162.43268210526315
7170,162.43268210526315
7171,18.250863157894738
7172,18.250863157894738
7173,162.43268210526315
7174,162.43268210526315
7175,162.43268210526315
7176,162.43268210526315
7177,162.43268210526315
7178,162.43268210526315
7179,162.43268210526315
7180,162.43268210526315
7181,162.43268210526315
7182,162.43268210526315
7183,162.43268210526315
7184,162.43268210526315
7185,162.43268210526315
7186,162.43268210526315
7187,162.43268210526315
7188,162.43268210526315
7189,162.43268210526315
7190,162.43268210526315
7191,162.43268210526315
7192,162.43268210526315
7193,162.43268210526315
7194,162.43268210526315
7195,18.250863157894738
7196,18.250863157894738
7197,162.43268210526315
7198,162.43268210526315
7199,162.43268210526315
7200,0
7201,0
7202,0
7203,0
7204,0
7205,0
7206,0
7207,0
7208,0
7209,0
7210,0
7211,0
7212,0
7213,0
7214,0
7215,0
7216,0
7217,0
7218,0
7219,0
7220,0
7221,0
7222,0
7223,0
7224,162.43268210526315
7225,162.43268210526315
7226,162.43268210526315
7227,162.43268210526315
7228,162.43268210526315
7229,162.43268210526315
7230,162.43268210526315
7231,162.43268210526315
7232,162.43268210526315
7233,162.43268210526315
7234,162.43268210526315
7235,162.43268210526315
7236,162.43268210526315
7237,162.43268210526315
7238,162.43268210526315
7239,162.43268210526315
7240,162.43268210526315
7241,162.43268210526315
7242,162.43268210526315
7243,18.250863157894738
7244,18.250863157894738
7245,162.43268210526315
7246,162.43268210526315
7247,162.43268210526315
7248,162.43268210526315
7249,162.43268210526315
7250,162.43268210526315
7251,162.43268210526315
7252,162.43268210526315
7253,162.43268210526315
7254,162.43268210526315
7255,162.43268210526315
7256,162.43268210526315
7257,162.43268210526315
7258,162.43268210526315
7259,162.43268210526315
7260,162.43268210526315
7261,162.43268210526315
7262,162.43268210526315
7263,162.43268210526315
7264,162.43268210526315
7265,162.43268210526315
7266,162.43268210526315
7267,18.250863157894738
7268,18.250863157894738
7269,162.43268210526315
7270,162.43268210526315
7271,162.43268210526315
7272,162.43268210526315
7273,162.43268210526315
7274,162.43268210526315
7275,162.43268210526315
7276,162.43268210526315
7277,162.43268210526315
7278,162.43268210526315
7279,162.43268210526315
7280,162.43268210526315
7281,162.43268210526315
7282,162.43268210526315
7283,162.43268210526315
7284,162.43268210526315
7285,162.43268210526315
7286,162.43268210526315
7287,162.43268210526315
7288,162.43268210526315
7289,162.43268210526315
7290,162.43268210526315
7291,18.250863157894738
7292,18.250863157894738
7293,162.43268210526315
7294,162.43268210526315
7295,162.43268210526315
7296,162.43268210526315
7297,162.43268210526315
7298,162.43268210526315
7299,162.43268210526315
7300,162.43268210526315
7301,162.43268210526315
7302,162.43268210526315
7303,162.43268210526315
7304,162.43268210526315
7305,162.43268210526315
7306,162.43268210526315
7307,162.43268210526315
7308,162.43268210526315
7309,162.43268210526315
7310,162.43268210526315
7311,162.43268210526315
7312,162.43268210526315
7313,162.43268210526315
7314,162.43268210526315
7315,18.250863157894738
7316,18.250863157894738
7317,162.43268210526315
7318,162.43268210526315
7319,162.43268210526315
7320,162.43268210526315
7321,162.43268210526315
7322,162.43268210526315
7323,162.43268210526315
7324,162.43268210526315
7325,162.43268210526315
7326,162.43268210526315
7327,162.43268210526315
7328,162.43268210526315
7329,162.43268210526315
7330,162.43268210526315
7331,162.43268210526315
7332,162.43268210526315
7333,162.43268210526315
7334,162.43268210526315
7335,162.43268210526315
7336,162.43268210526315
7337,162.43268210526315
7338,162.43268210526315
7339,18.250863157894738
7340,18.250863157894738
7341,162.43268210526315
7342,162.43268210526315
7343,162.43268210526315
7344,162.43268210526315
7345,162.43268210526315
7346,162.43268210526315
7347,162.43268210526315
7348,162.43268210526315
7349,162.43268210526315
7350,162.43268210526315
7351,162.43268210526315
7352,162.43268210526315
7353,162.43268210526315
7354,162.43268210526315
7355,162.43268210526315
7356,162.43268210526315
7357,162.43268210526315
7358,162.43268210526315
7359,162.43268210526315
7360,162.43268210526315
7361,162.43268210526315
7362,162.43268210526315
7363,18.250863157894738
7364,18.250863157894738
7365,162.43268210526315
7366,162.43268210526315
7367,162.43268210526315
7368,0
7369,0
7370,0
7371,0
7372,0
7373,0
7374,0
7375,0
7376,0
7377,0
7378,0
7379,0
7380,0
7381,0
7382,0
7383,0
7384,0
7385,0
7386,0
7387,0
7388,0
7389,0
7390,0
7391,0
7392,162.43268210526315
7393,162.43268210526315
7394,162.43268210526315
7395,162.43268210526315
7396,162.43268210526315
7397,162.43268210526315
7398,162.43268210526315
7399,162.43268210526315
7400,162.43268210526315
7401,162.43268210526315
7402,162.43268210526315
7403,162.43268210526315
7404,162.43268210526315
7405,162.43268210526315
7406,162.43268210526315
7407,162.43268210526315
7408,162.43268210526315
7409,162.43268210526315
7410,162.43268210526315
7411,18.250863157894738
7412,18.250863157894738
7413,162.43268210526315
7414,162.43268210526315
7415,162.43268210526315
7416,162.43268210526315
7417,162.43268210526315
7418,162.43268210526315
7419,162.43268210526315
7420,162.43268210526315
7421,162.43268210526315
7422,162.43268210526315
7423,162.43268210526315
7424,162.43268210526315
7425,162.43268210526315
7426,162.43268210526315
7427,162.43268210526315
7428,162.43268210526315
7429,162.43268210526315
7430,162.43268210526315
7431,162.43268210526315
7432,162.43268210526315
7433,162.43268210526315
7434,162.43268210526315
7435,18.250863157894738
7436,18.250863157894738
7437,162.43268210526315
7438,162.43268210526315
7439,162.43268210526315
7440,162.43268210526315
7441,162.43268210526315
7442,162.43268210526315
7443,162.43268210526315
7444,162.43268210526315
7445,162.43268210526315
7446,162.43268210526315
7447,162.43268210526315
7448,162.43268210526315
7449,162.43268210526315
7450,162.43268210526315
7451,162.43268210526315
7452,162.43268210526315
7453,162.43268210526315
7454,162.43268210526315
7455,162.43268210526315
7456,162.43268210526315
7457,162.43268210526315
7458,162.43268210526315
7459,18.250863157894738
7460,18.250863157894738
7461,162.43268210526315
7462,162.43268210526315
7463,162.43268210526315
7464,162.43268210526315
7465,162.43268210526315
7466,162.43268210526315
7467,162.43268210526315
7468,162.43268210526315
7469,162.43268210526315
7470,162.43268210526315
7471,162.43268210526315
7472,162.43268210526315
7473,162.43268210526315
7474,162.43268210526315
7475,162.43268210526315
7476,162.43268210526315
7477,162.43268210526315
7478,162.43268210526315
7479,162.43268210526315
7480,162.43268210526315
7481,162.43268210526315
7482,162.43268210526315
7483,18.250863157894738
7484,18.250863157894738
7485,162.43268210526315
7486,162.43268210526315
7487,162.43268210526315
7488,162.43268210526315
7489,162.43268210526315
7490,162.43268210526315
7491,162.43268210526315
7492,162.43268210526315
7493,162.43268210526315
7494,162.43268210526315
7495,162.43268210526315
7496,162.43268210526315
7497,162.43268210526315
7498,162.43268210526315
7499,162.43268210526315
7500,162.43268210526315
7501,162.43268210526315
7502,162.43268210526315
7503,162.43268210526315
7504,162.43268210526315
7505,162.43268210526315
7506,162.43268210526315
7507,18.250863157894738
7508,18.250863157894738
7509,162.43268210526315
7510,162.43268210526315
7511,162.43268210526315
7512,162.43268210526315
7513,162.43268210526315
7514,162.43268210526315
7515,162.43268210526315
7516,162.43268210526315
7517,162.43268210526315
7518,162.43268210526315
7519,162.43268210526315
7520,162.43268210526315
7521,162.43268210526315
7522,162.43268210526315
7523,162.43268210526315
7524,162.43268210526315
7525,162.43268210526315
7526,162.43268210526315
7527,162.43268210526315
7528,162.43268210526315
7529,162.43268210526315
7530,162.43268210526315
7531,18.250863157894738
7532,18.250863157894738
7533,162.43268210526315
7534,162.43268210526315
7535,162.43268210526315
7536,0
7537,0
7538,0
7539,0
7540,0
7541,0
7542,0
7543,0
7544,0
7545,0
7546,0
7547,0
7548,0
7549,0
7550,0
7551,0
7552,0
7553,0
7554,0
7555,0
7556,0
7557,0
7558,0
7559,0
7560,162.43268210526315
7561,162.43268210526315
7562,162.43268210526315
7563,162.43268210526315
7564,162.43268210526315
7565,162.43268210526315
7566,162.43268210526315
7567,162.43268210526315
7568,162.43268210526315
7569,162.43268210526315
7570,162.43268210526315
7571,162.43268210526315
7572,162.43268210526315
7573,162.43268210526315
7574,162.43268210526315
7575,162.43268210526315
7576,162.43268210526315
7577,162.43268210526315
7578,162.43268210526315
7579,18.250863157894738
7580,18.250863157894738
7581,162.43268210526315
7582,162.43268210526315
7583,162.43268210526315
7584,162.43268210526315
7585,162.43268210526315
7586,162.43268210526315
7587,162.43268210526315
7588,162.43268210526315
7589,162.43268210526315
7590,162.43268210526315
7591,162.43268210526315
7592,162.43268210526315
7593,162.43268210526315
7594,162.43268210526315
7595,162.43268210526315
7596,162.43268210526315
7597,162.43268210526315
7598,162.43268210526315
7599,162.43268210526315
7600,162.43268210526315
7601,162.43268210526315
7602,162.43268210526315
7603,18.250863157894738
7604,18.250863157894738
7605,162.43268210526315
7606,162.43268210526315
7607,162.43268210526315
7608,162.43268210526315
7609,162.43268210526315
7610,162.43268210526315
7611,162.43268210526315
7612,162.43268210526315
7613,162.43268210526315
7614,162.43268210526315
7615,162.43268210526315
7616,162.43268210526315
7617,162.43268210526315
7618,162.43268210526315
7619,162.43268210526315
7620,162.43268210526315
7621,162.43268210526315
7622,162.43268210526315
7623,162.43268210526315
7624,162.43268210526315
7625,162.43268210526315
7626,162.43268210526315
7627,18.250863157894738
7628,18.250863157894738
7629,162.43268210526315
7630,162.43268210526315
7631,162.43268210526315
7632,162.43268210526315
7633,162.43268210526315
7634,162.43268210526315
7635,162.43268210526315
7636,162.43268210526315
7637,162.43268210526315
7638,162.43268210526315
7639,162.43268210526315
7640,162.43268210526315
7641,162.43268210526315
7642,162.43268210526315
7643,162.43268210526315
7644,162.43268210526315
7645,162.43268210526315
7646,162.43268210526315
7647,162.43268210526315
7648,162.43268210526315
7649,162.43268210526315
7650,162.43268210526315
7651,18.250863157894738
7652,18.250863157894738
7653,162.43268210526315
7654,162.43268210526315
7655,162.43268210526315
7656,162.43268210526315
7657,162.43268210526315
7658,162.43268210526315
7659,162.43268210526315
7660,162.43268210526315
7661,162.43268210526315
7662,162.43268210526315
7663,162.43268210526315
7664,162.43268210526315
7665,162.43268210526315
7666,162.43268210526315
7667,162.43268210526315
7668,162.43268210526315
7669,162.43268210526315
7670,162.43268210526315
7671,162.43268210526315
7672,162.43268210526315
7673,162.43268210526315
7674,162.43268210526315
7675,18.250863157894738
7676,18.250863157894738
7677,162.43268210526315
7678,162.43268210526315
7679,162.43268210526315
7680,162.43268210526315
7681,162.43268210526315
7682,162.43268210526315
7683,162.43268210526315
7684,162.43268210526315
7685,162.43268210526315
7686,162.43268210526315
7687,162.43268210526315
7688,162.43268210526315
7689,162.43268210526315
7690,162.43268210526315
7691,162.43268210526315
7692,162.43268210526315
7693,162.43268210526315
7694,162.43268210526315
7695,162.43268210526315
7696,162.43268210526315
7697,162.43268210526315
7698,162.43268210526315
7699,18.250863157894738
7700,18.250863157894738
7701,162.43268210526315
7702,162.43268210526315
7703,162.43268210526315
7704,0
7705,0
7706,0
7707,0
7708,0
7709,0
7710,0
7711,0
7712,0
7713,0
7714,0
7715,0
7716,0
7717,0
7718,0
7719,0
7720,0
7721,0
7722,0
7723,0
7724,0
7725,0
7726,0
7727,0
7728,162.43268210526315
7729,162.43268210526315
7730,162.43268210526315
7731,162.43268210526315
7732,162.43268210526315
7733,162.43268210526315
7734,162.43268210526315
7735,162.43268210526315
7736,162.43268210526315
7737,162.43268210526315
7738,162.43268210526315
7739,162.43268210526315
7740,162.43268210526315
7741,162.43268210526315
7742,162.43268210526315
7743,162.43268210526315
7744,162.43268210526315
7745,162.43268210526315
7746,162.43268210526315
7747,18.250863157894738
7748,18.250863157894738
7749,162.43268210526315
7750,162.43268210526315
7751,162.43268210526315
7752,162.43268210526315
7753,162.43268210526315
7754,162.43268210526315
7755,162.43268210526315
7756,162.43268210526315
7757,162.43268210526315
7758,162.43268210526315
7759,162.43268210526315
7760,162.43268210526315
7761,162.43268210526315
7762,162.43268210526315
7763,162.43268210526315
7764,162.43268210526315
7765,162.43268210526315
7766,162.43268210526315
7767,162.43268210526315
7768,162.43268210526315
7769,162.43268210526315
7770,162.43268210526315
7771,18.250863157894738
7772,18.250863157894738
7773,162.43268210526315
7774,162.43268210526315
7775,162.43268210526315
7776,162.43268210526315
7777,162.43268210526315
7778,162.43268210526315
7779,162.43268210526315
7780,162.43268210526315
7781,162.43268210526315
7782,162.43268210526315
7783,162.43268210526315
7784,162.43268210526315
7785,162.43268210526315
7786,162.43268210526315
7787,162.43268210526315
7788,162.43268210526315
7789,162.43268210526315
7790,162.43268210526315
7791,162.43268210526315
7792,162.43268210526315
7793,162.43268210526315
7794,162.43268210526315
7795,18.250863157894738
7796,18.250863157894738
7797,162.43268210526315
7798,162.43268210526315
7799,162.43268210526315
7800,162.43268210526315
7801,162.43268210526315
7802,162.43268210526315
7803,162.43268210526315
7804,162.43268210526315
7805,162.43268210526315
7806,162.43268210526315
7807,162.43268210526315
7808,162.43268210526315
7809,162.43268210526315
7810,162.43268210526315
7811,162.43268210526315
7812,162.43268210526315
7813,162.43268210526315
7814,162.43268210526315
7815,162.43268210526315
7816,162.43268210526315
7817,162.43268210526315
7818,162.43268210526315
7819,18.250863157894738
7820,18.250863157894738
7821,162.43268210526315
7822,162.43268210526315
7823,162.43268210526315
7824,162.43268210526315
7825,162.43268210526315
7826,162.43268210526315
7827,162.43268210526315
7828,162.43268210526315
7829,162.43268210526315
7830,162.43268210526315
7831,162.43268210526315
7832,162.43268210526315
7833,162.43268210526315
7834,162.43268210526315
7835,162.43268210526315
7836,162.43268210526315
7837,162.43268210526315
7838,162.43268210526315
7839,162.43268210526315
7840,162.43268210526315
7841,162.43268210526315
7842,162.43268210526315
7843,18.250863157894738
7844,18.250863157894738
7845,162.43268210526315
7846,162.43268210526315
7847,162.43268210526315
7848,162.43268210526315
7849,162.43268210526315
7850,162.43268210526315
7851,162.43268210526315
7852,162.43268210526315
7853,162.43268210526315
7854,162.43268210526315
7855,162.43268210526315
7856,162.43268210526315
7857,162.43268210526315
7858,162.43268210526315
7859,162.43268210526315
7860,162.43268210526315
7861,162.43268210526315
7862,162.43268210526315
7863,162.43268210526315
7864,162.43268210526315
7865,162.43268210526315
7866,162.43268210526315
7867,18.250863157894738
7868,18.250863157894738
7869,162.43268210526315
7870,162.43268210526315
7871,162.43268210526315
7872,0
7873,0
7874,0
7875,0
7876,0
7877,0
7878,0
7879,0
7880,0
7881,0
7882,0
7883,0
7884,0
7885,0
7886,0
7887,0
7888,0
7889,0
7890,0
7891,0
7892,0
7893,0
7894,0
7895,0
7896,162.43268210526315
7897,162.43268210526315
7898,162.43268210526315
7899,162.43268210526315
7900,162.43268210526315
7901,162.43268210526315
7902,162.43268210526315
7903,162.43268210526315
7904,162.43268210526315
7905,162.43268210526315
7906,162.43268210526315
7907,162.43268210526315
7908,162.43268210526315
7909,162.43268210526315
7910,162.43268210526315
7911,162.43268210526315
7912,162.43268210526315
7913,162.43268210526315
7914,162.43268210526315
7915,18.250863157894738
7916,18.250863157894738
7917,162.43268210526315
7918,162.43268210526315
7919,162.43268210526315
7920,162.43268210526315
7921,162.43268210526315
7922,162.43268210526315
7923,162.43268210526315
7924,162.43268210526315
7925,162.43268210526315
7926,162.43268210526315
7927,162.43268210526315
7928,162.43268210526315
7929,162.43268210526315
7930,162.43268210526315
7931,162.43268210526315
7932,162.43268210526315
7933,162.43268210526315
7934,162.43268210526315
7935,162.43268210526315
7936,162.43268210526315
7937,162.43268210526315
7938,162.43268210526315
7939,18.250863157894738
7940,18.250863157894738
7941,162.43268210526315
7942,162.43268210526315
7943,162.43268210526315
7944,162.43268210526315
7945,162.43268210526315
7946,162.43268210526315
7947,162.43268210526315
7948,162.43268210526315
7949,162.43268210526315
7950,162.43268210526315
7951,162.43268210526315
7952,162.43268210526315
7953,162.43268210526315
7954,162.43268210526315
7955,162.43268210526315
7956,162.43268210526315
7957,162.43268210526315
7958,162.43268210526315
7959,162.43268210526315
7960,162.43268210526315
7961,162.43268210526315
7962,162.43268210526315
7963,18.250863157894738
7964,18.250863157894738
7965,162.43268210526315
7966,162.43268210526315
7967,162.43268210526315
7968,162.43268210526315
7969,162.43268210526315
7970,162.43268210526315
7971,162.43268210526315
7972,162.43268210526315
7973,162.43268210526315
7974,162.43268210526315
7975,162.43268210526315
7976,162.43268210526315
7977,162.43268210526315
7978,162.43268210526315
7979,162.43268210526315
7980,162.43268210526315
7981,162.43268210526315
7982,162.43268210526315
7983,162.43268210526315
7984,162.43268210526315
7985,162.43268210526315
7986,162.43268210526315
7987,18.250863157894738
7988,18.250863157894738
7989,162.43268210526315
7990,162.43268210526315
7991,162.43268210526315
7992,162.43268210526315
7993,162.43268210526315
7994,162.43268210526315
7995,162.43268210526315
7996,162.43268210526315
7997,162.43268210526315
7998,162.43268210526315
7999,162.43268210526315
8000,162.43268210526315
8001,162.43268210526315
8002,162.43268210526315
8003,162.43268210526315
8004,162.43268210526315
8005,162.43268210526315
8006,162.43268210526315
8007,162.43268210526315
8008,162.43268210526315
8009,162.43268210526315
8010,162.43268210526315
8011,18.250863157894738
8012,18.250863157894738
8013,162.43268210526315
8014,162.43268210526315
8015,162.43268210526315
8016,162.43268210526315
8017,162.43268210526315
8018,162.43268210526315
8019,162.43268210526315
8020,162.43268210526315
8021,162.43268210526315
8022,162.43268210526315
8023,162.43268210526315
8024,162.43268210526315
8025,162.43268210526315
8026,162.43268210526315
8027,162.43268210526315
8028,162.43268210526315
8029,162.43268210526315
8030,162.43268210526315
8031,162.43268210526315
8032,162.43268210526315
8033,162.43268210526315
8034,162.43268210526315
8035,18.250863157894738
8036,18.250863157894738
8037,162.43268210526315
8038,162.43268210526315
8039,162.43268210526315
8040,0
8041,0
8042,0
8043,0
8044,0
8045,0
8046,0
8047,0
8048,0
8049,0
8050,0
8051,0
8052,0
8053,0
8054,0
8055,0
8056,0
8057,0
8058,0
8059,0
8060,0
8061,0
8062,0
8063,0
8064,162.43268210526315
8065,162.43268210526315
8066,162.43268210526315
8067,162.43268210526315
8068,162.43268210526315
8069,162.43268210526315
8070,162.43268210526315
8071,162.43268210526315
8072,162.43268210526315
8073,162.43268210526315
8074,162.43268210526315
8075,162.43268210526315
8076,162.43268210526315
8077,162.43268210526315
8078,162.43268210526315
8079,162.43268210526315
8080,162.43268210526315
8081,162.43268210526315
8082,162.43268210526315
8083,18.250863157894738
8084,18.250863157894738
8085,162.43268210526315
8086,162.43268210526315
8087,162.43268210526315
8088,162.43268210526315
8089,162.43268210526315
8090,162.43268210526315
8091,162.43268210526315
8092,162.43268210526315
8093,162.43268210526315
8094,162.43268210526315
8095,162.43268210526315
8096,162.43268210526315
8097,162.43268210526315
8098,162.43268210526315
8099,162.43268210526315
8100,162.43268210526315
8101,162.43268210526315
8102,162.43268210526315
8103,162.43268210526315
8104,162.43268210526315
8105,162.43268210526315
8106,162.43268210526315
8107,18.250863157894738
8108,18.250863157894738
8109,162.43268210526315
8110,162.43268210526315
8111,162.43268210526315
8112,162.43268210526315
8113,162.43268210526315
8114,162.43268210526315
8115,162.43268210526315
8116,162.43268210526315
8117,162.43268210526315
8118,162.43268210526315
8119,162.43268210526315
8120,162.43268210526315
8121,162.43268210526315
8122,162.43268210526315
8123,162.43268210526315
8124,162.43268210526315
8125,162.43268210526315
8126,162.43268210526315
8127,162.43268210526315
8128,162.43268210526315
8129,162.43268210526315
8130,162.43268210526315
8131,18.250863157894738
8132,18.250863157894738
8133,162.43268210526315
8134,162.43268210526315
8135,162.43268210526315
8136,162.43268210526315
8137,162.43268210526315
8138,162.43268210526315
8139,162.43268210526315
8140,162.43268210526315
8141,162.43268210526315
8142,162.43268210526315
8143,162.43268210526315
8144,162.43268210526315
8145,162.43268210526315
8146,162.43268210526315
8147,162.43268210526315
8148,162.43268210526315
8149,162.43268210526315
8150,162.43268210526315
8151,162.43268210526315
8152,162.43268210526315
8153,162.43268210526315
8154,162.43268210526315
8155,18.250863157894738
8156,18.250863157894738
8157,162.43268210526315
8158,162.43268210526315
8159,162.43268210526315
8160,162.43268210526315
8161,162.43268210526315
8162,162.43268210526315
8163,162.43268210526315
8164,162.43268210526315
8165,162.43268210526315
8166,162.43268210526315
8167,162.43268210526315
8168,162.43268210526315
8169,162.43268210526315
8170,162.43268210526315
8171,162.43268210526315
8172,162.43268210526315
8173,162.43268210526315
8174,162.43268210526315
8175,162.43268210526315
8176,162.43268210526315
8177,162.43268210526315
8178,162.43268210526315
8179,18.250863157894738
8180,18.250863157894738
8181,162.43268210526315
8182,162.43268210526315
8183,162.43268210526315
8184,162.43268210526315
8185,162.43268210526315
8186,162.43268210526315
8187,162.43268210526315
8188,162.43268210526315
8189,162.43268210526315
8190,162.43268210526315
8191,162.43268210526315
8192,162.43268210526315
8193,162.43268210526315
8194,162.43268210526315
8195,162.43268210526315
8196,162.43268210526315
8197,162.43268210526315
8198,162.43268210526315
8199,162.43268210526315
8200,162.43268210526315
8201,162.43268210526315
8202,162.43268210526315
8203,18.250863157894738
8204,18.250863157894738
8205,162.43268210526315
8206,162.43268210526315
8207,162.43268210526315
8208,0
8209,0
8210,0
8211,0
8212,0
8213,0
8214,0
8215,0
8216,0
8217,0
8218,0
8219,0
8220,0
8221,0
8222,0
8223,0
8224,0
8225,0
8226,0
8227,0
8228,0
8229,0
8230,0
8231,0
8232,162.43268210526315
8233,162.43268210526315
8234,162.43268210526315
8235,162.43268210526315
8236,162.43268210526315
8237,162.43268210526315
8238,162.43268210526315
8239,162.43268210526315
8240,162.43268210526315
8241,162.43268210526315
8242,162.43268210526315
8243,162.43268210526315
8244,162.43268210526315
8245,162.43268210526315
8246,162.43268210526315
8247,162.43268210526315
8248,162.43268210526315
8249,162.43268210526315
8250,162.43268210526315
8251,18.250863157894738
8252,18.250863157894738
8253,162.43268210526315
8254,162.43268210526315
8255,162.43268210526315
8256,162.43268210526315
8257,162.43268210526315
8258,162.43268210526315
8259,162.43268210526315
8260,162.43268210526315
8261,162.43268210526315
8262,162.43268210526315
8263,162.43268210526315
8264,162.43268210526315
8265,162.43268210526315
8266,162.43268210526315
8267,162.43268210526315
8268,162.43268210526315
8269,162.43268210526315
8270,162.43268210526315
8271,162.43268210526315
8272,162.43268210526315
8273,162.43268210526315
8274,162.43268210526315
8275,18.250863157894738
8276,18.250863157894738
8277,162.43268210526315
8278,162.43268210526315
8279,162.43268210526315
8280,162.43268210526315
8281,162.43268210526315
8282,162.43268210526315
8283,162.43268210526315
8284,162.43268210526315
8285,162.43268210526315
8286,162.43268210526315
8287,162.43268210526315
8288,162.43268210526315
8289,162.43268210526315
8290,162.43268210526315
8291,162.43268210526315
8292,162.43268210526315
8293,162.43268210526315
8294,162.43268210526315
8295,162.43268210526315
8296,162.43268210526315
8297,162.43268210526315
8298,162.43268210526315
8299,18.250863157894738
8300,18.250863157894738
8301,162.43268210526315
8302,162.43268210526315
8303,162.43268210526315
8304,162.43268210526315
8305,162.43268210526315
8306,162.43268210526315
8307,162.43268210526315
8308,162.43268210526315
8309,162.43268210526315
8310,162.43268210526315
8311,162.43268210526315
8312,162.43268210526315
8313,162.43268210526315
8314,162.43268210526315
8315,162.43268210526315
8316,162.43268210526315
8317,162.43268210526315
8318,162.43268210526315
8319,162.43268210526315
8320,162.43268210526315
8321,162.43268210526315
8322,162.43268210526315
8323,18.250863157894738
8324,18.250863157894738
8325,162.43268210526315
8326,162.43268210526315
8327,162.43268210526315
8328,162.43268210526315
8329,162.43268210526315
8330,162.43268210526315
8331,162.43268210526315
8332,162.43268210526315
8333,162.43268210526315
8334,162.43268210526315
8335,162.43268210526315
8336,162.43268210526315
8337,162.43268210526315
8338,162.43268210526315
8339,162.43268210526315
8340,162.43268210526315
8341,162.43268210526315
8342,162.43268210526315
8343,162.43268210526315
8344,162.43268210526315
8345,162.43268210526315
8346,162.43268210526315
8347,18.250863157894738
8348,18.250863157894738
8349,162.43268210526315
8350,162.43268210526315
8351,162.43268210526315
8352,162.43268210526315
8353,162.43268210526315
8354,162.43268210526315
8355,162.43268210526315
8356,162.43268210526315
8357,162.43268210526315
8358,162.43268210526315
8359,162.43268210526315
8360,162.43268210526315
8361,162.43268210526315
8362,162.43268210526315
8363,162.43268210526315
8364,162.43268210526315
8365,162.43268210526315
8366,162.43268210526315
8367,162.43268210526315
8368,162.43268210526315
8369,162.43268210526315
8370,162.43268210526315
8371,18.250863157894738
8372,18.250863157894738
8373,162.43268210526315
8374,162.43268210526315
8375,162.43268210526315
8376,0
8377,0
8378,0
8379,0
8380,0
8381,0
8382,0
8383,0
8384,0
8385,0
8386,0
8387,0
8388,0
8389,0
8390,0
8391,0
8392,0
8393,0
8394,0
8395,0
8396,0
8397,0
8398,0
8399,0
8400,162.43268210526315
8401,162.43268210526315
8402,162.43268210526315
8403,162.43268210526315
8404,162.43268210526315
8405,162.43268210526315
8406,162.43268210526315
8407,162.43268210526315
8408,162.43268210526315
8409,162.43268210526315
8410,162.43268210526315
8411,162.43268210526315
8412,162.43268210526315
8413,162.43268210526315
8414,162.43268210526315
8415,162.43268210526315
8416,162.43268210526315
8417,162.43268210526315
8418,162.43268210526315
8419,18.250863157894738
8420,18.250863157894738
8421,162.43268210526315
8422,162.43268210526315
8423,162.43268210526315
8424,162.43268210526315
8425,162.43268210526315
8426,162.43268210526315
8427,162.43268210526315
8428,162.43268210526315
8429,162.43268210526315
8430,162.43268210526315
8431,162.43268210526315
8432,162.43268210526315
8433,162.43268210526315
8434,162.43268210526315
8435,162.43268210526315
8436,162.43268210526315
8437,162.43268210526315
8438,162.43268210526315
8439,162.43268210526315
8440,162.43268210526315
8441,162.43268210526315
8442,162.43268210526315
8443,18.250863157894738
8444,18.250863157894738
8445,162.43268210526315
8446,162.43268210526315
8447,162.43268210526315
8448,162.43268210526315
8449,162.43268210526315
8450,162.43268210526315
8451,162.43268210526315
8452,162.43268210526315
8453,162.43268210526315
8454,162.43268210526315
8455,162.43268210526315
8456,162.43268210526315
8457,162.43268210526315
8458,162.43268210526315
8459,162.43268210526315
8460,162.43268210526315
8461,162.43268210526315
8462,162.43268210526315
8463,162.43268210526315
8464,162.43268210526315
8465,162.43268210526315
8466,162.43268210526315
8467,18.250863157894738
8468,18.250863157894738
8469,162.43268210526315
8470,162.43268210526315
8471,162.43268210526315
8472,162.43268210526315
8473,162.43268210526315
8474,162.43268210526315
8475,162.43268210526315
8476,162.43268210526315
8477,162.43268210526315
8478,162.43268210526315
8479,162.43268210526315
8480,162.43268210526315
8481,162.43268210526315
8482,162.43268210526315
8483,162.43268210526315
8484,162.43268210526315
8485,162.43268210526315
8486,162.43268210526315
8487,162.43268210526315
8488,162.43268210526315
8489,162.43268210526315
8490,162.43268210526315
8491,18.250863157894738
8492,18.250863157894738
8493,162.43268210526315
8494,162.43268210526315
8495,162.43268210526315
8496,162.43268210526315
8497,162.43268210526315
8498,162.43268210526315
8499,162.43268210526315
8500,162.43268210526315
8501,162.43268210526315
8502,162.43268210526315
8503,162.43268210526315
8504,162.43268210526315
8505,162.43268210526315
8506,162.43268210526315
8507,162.43268210526315
8508,162.43268210526315
8509,162.43268210526315
8510,162.43268210526315
8511,162.43268210526315
8512,162.43268210526315
8513,162.43268210526315
8514,162.43268210526315
8515,18.250863157894738
8516,18.250863157894738
8517,162.43268210526315
8518,162.43268210526315
8519,162.43268210526315
8520,162.43268210526315
8521,162.43268210526315
8522,162.43268210526315
8523,162.43268210526315
8524,162.43268210526315
8525,162.43268210526315
8526,162.43268210526315
8527,162.43268210526315
8528,162.43268210526315
8529,162.43268210526315
8530,162.43268210526315
8531,162.43268210526315
8532,162.43268210526315
8533,162.43268210526315
8534,162.43268210526315
8535,162.43268210526315
8536,162.43268210526315
8537,162.43268210526315
8538,162.43268210526315
8539,18.250863157894738
8540,18.250863157894738
8541,162.43268210526315
8542,162.43268210526315
8543,162.43268210526315
8544,0
8545,0
8546,0
8547,0
8548,0
8549,0
8550,0
8551,0
8552,0
8553,0
8554,0
8555,0
8556,0
8557,0
8558,0
8559,0
8560,0
8561,0
8562,0
8563,0
8564,0
8565,0
8566,0
8567,0
8568,162.43268210526315
8569,162.43268210526315
8570,162.43268210526315
8571,162.43268210526315
8572,162.43268210526315
8573,162.43268210526315
8574,162.43268210526315
8575,162.43268210526315
8576,162.43268210526315
8577,162.43268210526315
8578,162.43268210526315
8579,162.43268210526315
8580,162.43268210526315
8581,162.43268210526315
8582,162.43268210526315
8583,162.43268210526315
8584,162.43268210526315
8585,162.43268210526315
8586,162.43268210526315
8587,18.250863157894738
8588,18.250863157894738
8589,162.43268210526315
8590,162.43268210526315
8591,162.43268210526315
8592,162.43268210526315
8593,162.43268210526315
8594,162.43268210526315
8595,162.43268210526315
8596,162.43268210526315
8597,162.43268210526315
8598,162.43268210526315
8599,162.43268210526315
8600,162.43268210526315
8601,162.43268210526315
8602,162.43268210526315
8603,162.43268210526315
8604,162.43268210526315
8605,162.43268210526315
8606,162.43268210526315
8607,162.43268210526315
8608,162.43268210526315
8609,162.43268210526315
8610,162.43268210526315
8611,18.250863157894738
8612,18.250863157894738
8613,162.43268210526315
8614,162.43268210526315
8615,162.43268210526315
8616,162.43268210526315
8617,162.43268210526315
8618,162.43268210526315
8619,162.43268210526315
8620,162.43268210526315
8621,162.43268210526315
8622,162.43268210526315
8623,162.43268210526315
8624,162.43268210526315
8625,162.43268210526315
8626,162.43268210526315
8627,162.43268210526315
8628,162.43268210526315
8629,162.43268210526315
8630,162.43268210526315
8631,162.43268210526315
8632,162.43268210526315
8633,162.43268210526315
8634,162.43268210526315
8635,18.250863157894738
8636,18.250863157894738
8637,162.43268210526315
8638,162.43268210526315
8639,162.43268210526315
8640,162.43268210526315
8641,162.43268210526315
8642,162.43268210526315
8643,162.43268210526315
8644,162.43268210526315
8645,162.43268210526315
8646,162.43268210526315
8647,162.43268210526315
8648,162.43268210526315
8649,162.43268210526315
8650,162.43268210526315
8651,162.43268210526315
8652,162.43268210526315
8653,162.43268210526315
8654,162.43268210526315
8655,162.43268210526315
8656,162.43268210526315
8657,162.43268210526315
8658,162.43268210526315
8659,18.250863157894738
8660,18.250863157894738
8661,162.43268210526315
8662,162.43268210526315
8663,162.43268210526315
8664,162.43268210526315
8665,162.43268210526315
8666,162.43268210526315
8667,162.43268210526315
8668,162.43268210526315
8669,162.43268210526315
8670,162.43268210526315
8671,162.43268210526315
8672,162.43268210526315
8673,162.43268210526315
8674,162.43268210526315
8675,162.43268210526315
8676,162.43268210526315
8677,162.43268210526315
8678,162.43268210526315
8679,162.43268210526315
8680,162.43268210526315
8681,162.43268210526315
8682,162.43268210526315
8683,18.250863157894738
8684,18.250863157894738
8685,162.43268210526315
8686,162.43268210526315
8687,162.43268210526315
8688,162.43268210526315
8689,162.43268210526315
8690,162.43268210526315
8691,162.43268210526315
8692,162.43268210526315
8693,162.43268210526315
8694,162.43268210526315
8695,162.43268210526315
8696,162.43268210526315
8697,162.43268210526315
8698,162.43268210526315
8699,162.43268210526315
8700,162.43268210526315
8701,162.43268210526315
8702,162.43268210526315
8703,162.43268210526315
8704,162.43268210526315
8705,162.43268210526315
8706,162.43268210526315
8707,18.250863157894738
8708,18.250863157894738
8709,162.43268210526315
8710,162.43268210526315
8711,162.43268210526315
8712,0
8713,0
8714,0
8715,0
8716,0
8717,0
8718,0
8719,0
8720,0
8721,0
8722,0
8723,0
8724,0
8725,0
8726,0
8727,0
8728,0
8729,0
8730,0
8731,0
8732,0
8733,0
8734,0
8735,0
8736,162.43268210526315
8737,162.43268210526315
8738,162.43268210526315
8739,162.43268210526315
8740,162.43268210526315
8741,162.43268210526315
8742,162.43268210526315
8743,162.43268210526315
8744,162.43268210526315
8745,162.43268210526315
8746,162.43268210526315
8747,162.43268210526315
8748,162.43268210526315
8749,162.43268210526315
8750,162.43268210526315
8751,162.43268210526315
8752,162.43268210526315
8753,162.43268210526315
8754,162.43268210526315
8755,18.250863157894738
8756,18.250863157894738
8757,162.43268210526315
8758,162.43268210526315
8759,162.43268210526315
